name,score
RTX PRO 6000 Blackwell Server Edition,42223
GeForce RTX 5090 D,40902
RTX PRO 5000 72GB Blackwell,40493
GeForce RTX 5090,38859
GeForce RTX 4090,38107
RTX PRO 6000 Blackwell Workstation Edition,36434
GeForce RTX 5080,35759
GeForce RTX 4080,34451
GeForce RTX 4080 SUPER,34225
L40-48Q,33270
RTX PRO 4500 Blackwell,32760
L40-4Q,32601
GeForce RTX 5070 Ti,32469
RTX PRO 5000 Blackwell,31958
GeForce RTX 4070 Ti SUPER,31826
RTX PRO 6000 Blackwell Max-Q Workstation Edition,31763
GeForce RTX 4070 Ti,31577
Radeon RX 7900 XTX,31327
GeForce RTX 4090 D,30621
RTX 5000 Ada Generation,30024
GeForce RTX 4070 SUPER,29962
GeForce RTX 5090 D v2,29655
GeForce RTX 3090 Ti,29355
Radeon RX 7900 XT,28961
GeForce RTX 5070,28812
GeForce RTX 5090 Laptop GPU,28803
RTX 6000 Ada Generation,28489
Radeon RX 6950 XT,28089
RTX 4500 Ada Generation,28054
Radeon PRO W7900,27957
Radeon PRO W7800,27503
Radeon AI PRO R9700,27382
nVidia L40,27355
Radeon RX 7900 GRE,27263
GeForce RTX 4090 Laptop GPU,27057
GeForce RTX 4070,26911
Radeon RX 9070 XT,26853
RTX PRO 4000 Blackwell,26825
GeForce RTX 3080 Ti,26807
Radeon RX 6900 XT,26719
GeForce RTX 3090,26580
GeForce RTX 3080 12GB,26577
GeForce RTX 5080 Laptop GPU,26576
Radeon RX 9070,25427
RTX 3500 Ada Generation Embedded GPU,25267
RTX 5880 Ada Generation,25096
GeForce RTX 3080,25045
Radeon RX 6800 XT,24995
GeForce RTX 4080 Laptop GPU,24794
RTX PRO 5000 Blackwell Generation Laptop GPU,24423
Radeon RX 9070 GRE,24418
Radeon RX 7800 XT,24298
RTX 4000 Ada Generation,24047
RTX PRO 4000 Blackwell Generation Laptop GPU,23673
RTX 5000 Ada Generation Laptop GPU,23401
RTX PRO 4000 Blackwell SFF Edition,23365
GeForce RTX 3070 Ti,23291
Virtual Desktop Monitor,23070
Radeon PRO W7700,23062
RTX A5000,22961
Meta Virtual Monitor,22941
GeForce RTX 5070 Ti Laptop GPU,22926
RTX PRO 3000 Blackwell Generation Laptop GPU,22827
RTX A6000,22799
GeForce RTX 5060 Ti 16GB,22722
GeForce RTX 4060 Ti 16GB,22694
Radeon RX 7700 XT,22641
GeForce RTX 4060 Ti,22624
GeForce RTX 5060 Ti 8GB,22528
Radeon RX 7900M,22416
SudoMaker Virtual Display Adapter,22377
GeForce RTX 3070,22151
RTX 4000 Ada Generation Laptop GPU,22105
Radeon RX 6800,22043
GRID RTX6000-6Q,21987
NVIDIA A10,21687
Parsec Virtual Display Adapter,21538
GeForce RTX 2080 Ti,21495
RTX A5500,21225
RTX A4500,21114
RTX 4000 SFF Ada Generation,20884
GeForce RTX 5060,20784
Radeon RX 6750 XT,20700
Virtual Display Adapter,20532
GeForce RTX 3060 Ti,20296
Radeon PRO W6800,20240
Radeon RX 6750 GRE 12GB,20178
TITAN RTX,20116
TITAN V,20066
Radeon RX 9060 XT 16GB,20032
L40S,20023
Quadro RTX 8000,19911
Radeon RX 9060 XT 8GB,19881
RTX 3500 Ada Generation Laptop GPU,19772
Radeon RX 6700 XT,19744
GeForce RTX 4070 Laptop GPU,19547
GeForce RTX 4060,19538
RTX PRO 2000 Blackwell,19479
RTX A4000,19463
GeForce RTX 2080 SUPER,19461
GeForce RTX 5070 Laptop GPU,19358
GeForce RTX 3080 Ti Laptop GPU,18996
Radeon RX 6700,18920
Quadro GV100,18881
USB Mobile Monitor Virtual Display,18851
Radeon RX 6750 GRE 10GB,18770
NVIDIA TITAN Xp,18762
GeForce RTX 2080,18654
Radeon RX 7700,18635
TITAN Xp COLLECTORS EDITION,18632
GeForce GTX 1080 Ti,18596
Radeon RX 9060,18514
GeForce RTX 2070 SUPER,18150
Radeon RX 7650 GRE,18083
Radeon 8060S,18079
Quadro RTX 6000,17849
NVIDIA A10G,17660
Radeon RX 6850M XT,17597
GeForce RTX 3070 Ti Laptop GPU,17549
GeForce RTX 4060 Laptop GPU,17404
GeForce RTX 5050,17290
Radeon RX 7600 XT,17287
RTX 2000 Ada Generation,17211
GeForce RTX 5060 Laptop GPU,17189
Radeon RX 6650 XT,17128
RTX A5500 Laptop GPU,17088
Radeon RX 6650M XT,17071
RTX 5000 Ada Generation Embedded GPU,17056
EIZO Quadro MED-XN92,17036
RTX PRO 2000 Blackwell Generation Laptop GPU,17030
TITAN V CEO Edition,16988
GeForce RTX 3060,16971
GeForce RTX 3060 12GB,16766
RTX A4500 Laptop GPU,16623
Radeon Pro W6800X,16619
Radeon RX 5700 XT 50th Anniversary,16580
Radeon RX 7600,16549
GeForce RTX 2060 SUPER,16485
Radeon RX 6600 XT,16443
RTX A5000 Laptop GPU,16383
Radeon VII,16261
Radeon 8050S,16219
GeForce RTX 3080 Laptop GPU,16195
Radeon RX 5700 XT,16144
GeForce RTX 2070,16058
RTX 3000 Ada Generation Laptop GPU,15953
GeForce RTX 2060 12GB,15928
Intel Arc B580,15915
Radeon RX 7800M,15863
Radeon PRO W7600,15848
Radeon RX 6800S,15749
RTX 2000E Ada Generation,15742
Radeon Pro V620 MxGPU,15633
GeForce GTX 1080,15615
Radeon Pro Vega II,15597
Radeon RX 7600S,15567
Quadro P6000,15528
Radeon RX 7700S,15502
RTX 2000 Ada Generation Embedded GPU,15373
Quadro RTX 5000,15370
GeForce RTX 3060 8GB,15235
Radeon Pro W5700X,15198
Radeon RX 6650M,15178
GeForce RTX 3070 Laptop GPU,15156
Radeon RX 6700S,15083
Radeon RX 6600,15080
SQExtFramebufferUmode Device,15054
GeForce RTX 2080 (Mobile),15014
Radeon PRO W6600,14980
RTX PRO 1000 Blackwell Generation Laptop GPU,14957
RTX 2000 Ada Generation Laptop GPU,14912
Quadro RTX 4000,14902
GameViewer Virtual Display Adapter,14843
Quadro RTX 5000 (Mobile),14832
RTX A4000 Laptop GPU,14798
Radeon Pro W6800X Duo,14742
GeForce GTX 1070 Ti,14664
Radeon RX 7600M XT,14619
GeForce RTX 5050 Laptop GPU,14551
Intel Arc Pro B60,14436
GeForce RTX 4050 Laptop GPU,14333
Radeon RX 5700,14278
Radeon Pro W5700,14149
Intel Arc B570,14130
GeForce RTX 2060,14114
Radeon Pro Vega II Duo,14018
RadeonT RX 6850M XT,13992
CXDisplay Device,13988
Radeon RX 6600M,13937
Radeon RX Vega 64,13920
NVIDIA A40,13900
RTX A3000 12GB Laptop GPU,13889
Radeon RX 6600 LE,13777
spacedesk Adapter,13759
Quadro GP100,13736
RTX A2000 12GB,13716
GeForce GTX 980 Ti,13696
Racer-Tech USB Display Device,13692
NVIDIA TITAN X,13660
Radeon RX 6700M,13619
A10G,13598
RTX 1000 Ada Generation Laptop GPU,13547
GeForce RTX 2080 Super with Max-Q Design,13518
GeForce GTX 1070,13509
Radeon Pro VII,13460
Radeon RX 5600 XT,13432
RTX A2000,13428
GeForce RTX 2070 Super with Max-Q Design,13406
Radeon Pro Vega 64X,13369
RTX PRO 500 Blackwell Generation Laptop GPU,13345
Intel Arc A770,13341
Tesla P100-PCIE-12GB,13310
Radeon PRO W7500,13299
Radeon RX 6800M,13279
GeForce RTX 3060 Laptop GPU,13161
Radeon PRO W6600X,13113
Radeon RX 6600S,13016
Radeon RX Vega 56,13008
Radeon Pro Vega 64,12882
VirtualMonitor Device,12754
Tesla V100-SXM2-16GB,12746
GeForce RTX 2080 with Max-Q Design,12735
RTX A3000 Laptop GPU,12713
GeForce GTX 1660 Ti,12708
Radeon Vega Frontier Edition,12708
GeForce GTX 1660 SUPER,12690
Quadro P5000,12690
Quadro RTX 5000 with Max-Q Design,12682
Intel Arc A750,12619
GRID RTX6000-1Q,12617
Radeon Pro WX 8200,12615
GeForce GTX TITAN X,12565
GeForce RTX 3050 8GB,12513
Radeon Pro 5700 XT,12457
Quadro P5200 with Max-Q Design,12414
GeForce RTX 2070 (Mobile),12357
Radeon RX 5600 OEM,12345
Tesla V100-PCIE-16GB,12328
Radeon RX 6850M,12274
Radeon Pro V520 MxGPU,12258
Intel Arc Pro B50,12227
A10-24Q,12090
Intel Arc A580,12077
Quadro RTX 4000 with Max-Q Design,12070
Radeon Pro Vega 56,12061
GeForce RTX 3050 Laptop GPU,12003
Radeon RX 7400,11909
GeForce RTX 3050 OEM,11905
Radeon Pro WX 9100,11898
Intel Arc A770M,11859
RTX A4000H,11815
Tesla P100-PCIE-16GB,11814
Quadro M6000,11767
Tesla T10,11764
Radeon RX 5600,11753
Quadro RTX 4000 (Mobile),11684
L40-8Q,11670
GeForce GTX 1660,11631
GeForce GTX 1080 with Max-Q Design,11604
Tesla P40,11596
Quadro P5200,11588
Quadro M6000 24GB,11566
Quadro P4200 with Max-Q Design,11562
Radeon Pro 5700,11457
Quadro P4000,11440
GeForce RTX 2070 with Max-Q Design,11414
Radeon PRO W6600M,11407
GeForce RTX 2060 (Mobile),11353
Radeon Pro Vega 48,11270
RTX 500 Ada Generation Laptop GPU,11192
RTX A2000 Embedded GPU,11117
GeForce GTX 980,11070
GeForce RTX 3050 A Laptop GPU,11015
RTX A1000 Embedded GPU,11009
Radeon RX 7600M,10999
Radeon Pro SSG,10972
RTX A1000,10809
Quadro RTX 3000,10779
GeForce RTX 3050 6GB,10758
Tesla M40 24GB,10641
RTX A2000 8GB Laptop GPU,10499
GeForce GTX 1070 (Mobile),10465
A40-48Q,10436
Radeon 8040S,10431
SuperDisplay Virtual Adapter,10390
Quadro P4200,10380
Tesla M40,10220
GeForce GTX 1650 SUPER,10186
Tesla T4,10153
GeForce RTX 3050 6GB Laptop GPU,10135
GeForce GTX 1660 Ti (Mobile),10101
GeForce RTX 3050 Ti Laptop GPU,10088
RTX A1000 6GB Laptop GPU,10061
GeForce GTX 1060,10060
GRID P40-2B,9842
GeForce GTX 1060 3GB,9823
Intel Arc A730M,9808
GeForce GTX 1070 with Max-Q Design,9765
Radeon R9 Fury + Fury X,9741
Radeon RX 6550M,9657
GeForce RTX 2060 with Max-Q Design,9645
GeForce GTX 970,9637
Radeon RX 6500 XT,9621
GRID P40-2Q,9581
Radeon RX Vega Ryzen 5 5600GT,9558
6FDF:FF,9529
Radeon R9 Fury,9513
GeForce RTX 3050 4GB Laptop GPU,9497
A10-12Q,9493
Intel Arc Pro A60,9493
RTX A2000 Laptop GPU,9487
RTX A1000 Laptop GPU,9471
GeForce GTX 780 Ti,9465
Intel Arc B390 GPU,9444
Quadro M5000,9412
Quadro P2200,9389
Radeon R9 Fury X,9377
Intel Arc GPU,9349
Radeon Pro 5600M,9324
Radeon RX 590,9303
Radeon R9 390X,9277
GeForce GTX 1060 5GB,9208
GeForce GTX TITAN Black,9192
CMP 40HX,9137
Quadro P3200 with Max-Q Design,9117
Tesla P4,9110
Quadro P4000 with Max-Q Design,9083
Radeon RX 5500 XT,9079
EIZO Quadro MED-XN72,9037
Radeon Pro W5500,8934
GeForce GTX TITAN Z,8897
Radeon RX 5600M,8879
Radeon RX 5500,8839
Radeon R9 390,8824
Radeon RX 580,8796
Radeon R9 295X2,8778
GeForce GTX 1660 Ti with Max-Q Design,8605
Easy&amp;Light Display HUB Virtual Display,8576
Quadro P3200,8544
Radeon RX 480,8538
GRID RTX6000-1B,8473
Radeon R9 290X,8432
Miracast display port driver V3,8422
Radeon PRO W6400,8419
Radeon R9 290X / 390X,8380
Ryzen 5 4600HS with Radeon Graphics,8371
Radeon RX590 GME,8322
Radeon Pro Duo,8299
RTX A4500 Embedded GPU,8296
Intel Arc B370 GPU,8279
GeForce GTX Titan,8185
Radeon R9 290,8174
Radeon 890M,8171
GeForce GTX 1060 (Mobile),8160
Radeon R9 290 / 390,8150
Quadro RTX 3000 with Max-Q Design,8147
Radeon 610M Ryzen 9 8945HX,8133
Intel Arc A530M,8013
Quadro K6000,8006
Ryzen 9 6900HS,8005
GeForce GTX 780,7950
Radeon RX 470/570,7930
Quadro M5500,7915
Radeon Pro 5500 XT,7911
GeForce GTX 1650,7868
T1200 Laptop GPU,7845
GeForce GTX 1060 with Max-Q Design,7840
Radeon Pro 580,7753
FirePro W9100,7748
Radeon RX 6400,7739
A40-8Q,7716
Radeon Pro WX 7100,7709
GeForce RTX 2050,7705
Radeon 880M,7703
T1000 8GB,7680
Radeon RX 6500,7660
Radeon RX 780,7658
T1000,7640
Radeon RX 580 2048SP,7628
Radeon RX 5300,7606
Radeon RX 580X,7597
Radeon Pro 580X,7540
GeForce GTX 1650 Ti,7521
GRID P40-8Q,7507
Radeon RX 6500M,7390
GeForce GTX 980M,7371
Radeon Pro W5500X,7351
Quadro T2000,7287
L4-8Q,7114
RadeonT 780M,7113
Radeon Pro 5300,7089
Quadro M5000M,7076
GRID P40-24Q,7057
T600 Laptop GPU,7032
Tesla M60,7002
Quadro P2000,6975
GeForce GTX 1650 (Mobile),6968
Quadro T2000 with Max-Q Design,6951
Radeon 780M,6887
FirePro W8100,6812
Ryzen 9 4900HS with Radeon Graphics,6791
Radeon Ryzen 9 6900HS,6770
Radeon Pro 5500M,6730
GeForce GTX 970XM FORCE,6707
RadeonT 660M Ryzen 5 6600H,6700
Quadro T1000 with Max-Q Design,6676
Intel Arc Pro 140T GPU,6675
Intel Arc 140T GPU,6668
Quadro M4000,6668
P106-100,6656
A10-8Q,6648
Radeon RX 6450M,6601
GeForce GTX 1650 Ti with Max-Q Design,6594
Radeon Pro WX 7130,6584
RTX A500 Laptop GPU,6580
GRID P40-3Q,6570
Radeon RX Vega M GH,6557
Radeon 610M Ryzen 9 7845HX,6514
GRID P40-2B4,6501
Quadro T1000,6499
LuminonCore IDDCX Adapter,6479
AMD Ryzen Z1 Extreme,6448
Radeon RX 6300M,6421
Quadro P3000,6418
T600,6373
GeForce GTX 1050 Ti,6355
Radeon Pro 570,6337
GeForce GTX 1650 with Max-Q Design,6331
Intel Arc A380,6306
Intel Arc A380E,6290
GeForce MX570 A,6288
Ryzen 7 6800HS with Radeon Graphics,6240
GRID P4-4Q,6235
Tesla M6,6225
Intel Arc 130T GPU,6199
RTX A500 Embedded GPU,6197
Intel Arc Pro 130T GPU,6178
Ryzen 9 PRO 6950H with Radeon Graphics,6176
Quadro K5200,6164
FirePro W9000,6145
GeForce GTX 960,6135
Radeon R9 380X,6132
Ryzen 9 6900HS with Radeon Graphics,6110
Radeon R9 280X,6088
Quadro M4000M,6072
Radeon Ryzen 7 6800HS,6012
RTX A400,5990
Radeon 610M Ryzen 9 8940HX,5986
Radeon R9 380,5985
Radeon RX 5500M,5985
GeForce GTX 770,5965
Radeon Ryzen 7 6810U,5937
RemotePC Adapter,5929
GRID P40-4Q,5926
GeForce GTX 1050 Ti (Mobile),5918
Intel Arc Pro,5868
Radeon Ryzen 7 7736U,5826
Radeon Pro 5300M,5817
Matrox LUMA A380P,5811
Ryzen 7 PRO 6850H with Radeon Graphics,5791
Ryzen 9 PRO 6950H,5759
DisplayLink USB Device Ryzen 7 7735HS,5754
GeForce MX570,5750
Intel Arc Pro A40/A50,5712
GeForce GTX 970M,5708
Tesla K80,5689
RadeonT 680M Ryzen 7 7735HS,5681
Eng Sample: 100-000000560-40_Y,5656
Intel Arc 140T,5635
GeForce GTX 680,5610
Radeon Ryzen 9 PRO 6950H,5604
Radeon PRO Ryzen 7 PRO 6850U,5599
Ryzen 7 PRO 6850U,5581
Quadro M3000M,5567
Radeon HD 7990,5566
Radeon PRO W6300,5560
Radeon R9 285 / 380,5550
Radeon TM,5543
GRID P40-12Q,5540
GeForce GTX 690,5536
Radeon R9 280,5531
GRID M60-8A,5523
Radeon Ryzen 7 PRO 6850H,5502
Radeon 680M Ryzen 9 6900HX,5493
Intel Arc,5492
GeForce GTX 760 Ti OEM,5474
Ryzen 7 6800HS Creator Edition,5465
Radeon Pro WX 5100,5464
Intel Arc A310,5440
Radeon 760M,5418
L40S-8Q,5414
GeForce GTX 670,5360
GeForce GTX 950,5353
Radeon Ryzen 7 7735H,5348
Quadro P2000 with Max-Q Design,5341
Radeon RX 6300,5324
Radeon Ryzen 7 6800HS Creator Edition,5322
GeForce GTX 1050 Ti with Max-Q Design,5310
GeForce GTX 760 Ti,5307
GRID P4-8Q,5283
Radeon HD 7970 / R9 280X,5248
Ryzen 7 6800H,5248
Ryzen 7 6800HS,5237
Radeon HD 8990,5214
GRID M60-2Q,5203
Ryzen 7 7735HS with Radeon Graphics,5175
Radeon Pro Vega 20,5169
Q12U-1,5164
Ryzen 9 5900HS with Radeon Graphics,5162
Intel Arc 140V GPU,5159
Radeon Ryzen 9 6900HS Creator Edition,5156
Radeon R9 M295X,5150
Ryzen 7 Pro 7735U with Radeon Graphics,5142
Radeon RX 5300M,5126
Ryzen 9 6900HX with Radeon Graphics,5123
Ryzen 7 PRO 6850U with Radeon Graphics,5116
Intel Arc A370M,5115
GeForce GTX 1050 3GB,5111
Radeon R9 M395X,5104
Ryzen 7 7735U with Radeon Graphics,5081
Ryzen 7 PRO 6860Z,5077
FirePro W7100,5072
FirePro S9000,5059
Radeon Ryzen 7 PRO 6850HS,5057
VNC Mirror Driver,5043
GeForce GTX 1050,5042
Radeon Ryzen 7 PRO 6850U,5013
Ryzen 7 6800U,5006
GeForce GTX 1630,4996
Ryzen 7 6800H with Radeon Graphics,4960
EIZO Quadro MED-XN51LP,4951
Barco MXRT 7600,4944
L4-4Q,4942
Radeon Ryzen 7 7735HS,4928
Intel Arc 140V GPU RI,4922
Intel Arc A310 LP,4917
FirePro S9050,4901
CMP 30HX,4892
Intel Arc 130V GPU RI,4882
Radeon R9 270X,4877
Radeon 860M,4875
Ryzen 7 PRO 6860Z with Radeon Graphics,4869
Radeon R9 M395,4860
Radeon Ryzen 7 6800H,4856
GeForce GTX 760,4817
Radeon Pro Vega 16,4809
Radeon Ryzen Z2 Go,4784
GRID RTX6000P-6Q,4777
A16-8Q,4769
Radeon HD 7950 / R9 280,4765
GRID T4-8Q,4762
Ryzen 7 6800U with Radeon Graphics,4760
T550 Laptop GPU,4758
L40S-4Q,4756
A16-2Q,4747
Radeon Sky 500,4723
Radeon R9 370,4722
Ryzen 9 PRO 6950HS with Radeon Graphics,4705
Radeon Ryzen 7 7735U,4663
GeForce GTX 580,4630
GRID P100-16Q,4626
Radeon HD 7870,4565
B8DKMDAP,4557
Radeon Pro 465,4538
FirePro S10000,4537
Radeon Ryzen 7 PRO 6860Z,4536
FirePro S7000,4524
Intel Arc 130V GPU,4506
Radeon Pro WX Vega M GL,4498
Quadro P1000,4496
Tesla K40c,4495
Radeon R7 370,4483
L4-6Q,4473
Radeon HD 7870 XT,4470
GeForce MX550,4464
GeForce GTX 1050 (Mobile),4463
Radeon Ryzen 9 PRO 6950HS,4463
Radeon 660M Ryzen 5 6600H,4461
DisplayLink USB Device Ryzen 7 6800H,4445
GRID T4-16Q,4435
Tesla K20m,4432
GRID P6-4Q,4429
L40S-12Q,4426
GeForce GTX 660 Ti,4414
NVIDIA A40-4Q,4407
Radeon Instinct MI25 MxGPU,4403
Tesla K20Xm,4403
FirePro W7000 Adapter,4383
DisplayLink USB Device Ryzen 7 PRO 6850U,4381
GRID GTX P40-6,4340
PCI\VEN_1002&amp;DEV_164E&amp;SUBSYS_D0001458&amp;REV_C7 Ryzen,4339
NVIDIA A40-12Q,4336
Quadro K4200,4335
FirePro W7000,4314
Radeon R9 270,4306
Quadro M2200,4292
Radeon 680M Ryzen 7 7735HS,4279
Radeon R9 270 / R7 370,4260
FirePro W8000,4259
NVIDIA A40-8Q,4252
Radeon Ryzen 7 6800U,4211
Eng Sample: 100-000000561-40_Y,4206
GRID V100D-8Q,4156
Radeon RX 460,4100
Ryzen 7 PRO 6850HS with Radeon Graphics,4087
GeForce GTX 480,4079
L4-2Q,4062
RadeonT 660M Ryzen 5 7535HS,4051
GeForce GTX 660,4043
Quadro M2000,4029
Radeon HD 7800-serie,4029
Radeon PRO Ryzen 5 PRO 6650U,3999
Quadro K5000,3995
Radeon Eng Sample: 100-000000263-50_Y,3975
GeForce GTX 570,3930
GeForce GTX 775M,3928
Radeon RX Vega M GL,3927
GRID P6-2Q,3926
GeForce GTX 1050 with Max-Q Design,3919
GeForce GTX 750 Ti,3902
Radeon HD 7850,3898
Radeon R9 M390X,3895
GRID M60-8Q,3884
Radeon HD 8970M,3876
A16-16Q,3873
Matrox LUMA A310F,3873
GeForce GTX 965M,3872
GeForce GTX 780M,3866
A16-4Q,3848
Radeon Ryzen 7 Pro 7735U,3843
Radeon 840M,3842
GeForce GTX 880M,3841
GRID P40-1Q,3839
GRID M60-4Q,3831
T400 4GB,3810
Radeon R9 M485X,3801
GeForce GTX 680MX,3799
Radeon Ryzen 5 6600HS Creator Edition,3795
FirePro S7150,3770
Barco MXRT 7500,3753
Ryzen 5 Pro 7535U with Radeon Graphics,3750
MirrorOp Virtual Adaptor,3724
GeForce MX450,3719
Radeon 680M,3710
Quadro P620,3699
GRID M60-1Q,3695
FirePro W7170M,3694
Ryzen 5 6600HS Creator Edition,3691
GRID P40-1B,3690
Matrox LUMA A310,3690
Radeon Pro WX 4100,3684
Radeon RX 560,3684
P104-100,3678
Radeon Pro 560X,3678
GRID T4-2Q,3668
Radeon HD 7970M,3663
T400,3609
T500,3609
GRID T4-4Q,3598
Quadro K2200,3582
Ryzen 5 6600H with Radeon Graphics,3580
GeForce GTX 680M KY_Bullet Edition,3569
GRID M6-8Q,3568
VMware Horizon Indirect Display Driver,3565
Radeon Ryzen 5 PRO 6650U,3562
GeForce GTX 870M,3536
Quadro K2200M,3534
Ryzen 5 PRO 6650U with Radeon Graphics,3534
Ryzen 5 PRO 6650U,3519
GRID K520,3516
Quadro 7000,3505
Radeon Pro 560,3475
Radeon Ryzen 5 6600H,3472
Radeon Pro W5500M,3470
GeForce GTX 960A,3465
Radeon Pro 460,3453
Radeon Ryzen 5 PRO 6650H,3451
A16-1Q,3431
Tesla C2050 / C2070,3428
Radeon RX 560X,3415
GeForce GTX 650 Ti BOOST,3410
Quadro M2000M,3406
GeForce GTX 960M,3370
Radeon HD8970M,3369
Radeon E8870PCIe,3368
Radeon Ryzen 5 7535H w/,3366
GRID P100-8Q,3346
GRID RTX6000P-2B,3343
GeForce GTX 590,3341
A2-2Q,3331
Radeon Ryzen 5 7533HS,3327
Ryzen 5 7535U with Radeon Graphics,3324
Quadro P600,3323
A40-24Q,3318
GeForce GTX 750,3312
Radeon Eng Sample: 100-000000546-40_Y,3307
GRID T4-1Q,3303
P102-100,3301
A40-4Q,3279
GeForce GTX 680M,3277
Quadro K5100M,3264
L40S-24Q,3257
Custom GPU 0932,3254
GeForce 770M,3246
Snapdragon X Elite - X1E001DE - Qualcomm Adreno GP,3246
Radeon R9 M470X,3244
Ryzen 5 6600U with Radeon Graphics,3233
Radeon 660M,3221
Radeon R9 M290X,3218
Radeon Ryzen 5 6600U,3211
Quadro M1200,3209
Radeon Ryzen 5 7535HS,3208
GRID P4-8A,3206
Radeon R7 260X,3202
Tesla C2050,3176
Radeon Ryzen 7 4800H,3175
Tesla M10,3173
Intel Graphics,3170
FirePro V7000,3162
GRID P4-2Q,3162
GeForce GTX 470,3160
Radeon Ryzen 5 7535U,3160
Radeon 660M Ryzen 5 7533HS,3158
Tesla K40m,3143
Radeon Pro 555,3141
Radeon R7 360,3122
Radeon Ryzen 9 7950X 16-Core,3121
Tesla C2070,3121
Radeon HD 6990,3118
Radeon Pro 455,3113
A10-4Q,3102
GeForce GTX 860M,3095
Radeon HD 7790,3090
GeForce GTX 560 Ti,3076
L4-2A,3063
Radeon Ryzen 7 4800HS,3058
Radeon 660M Ryzen 5 7535HS,3054
Radeon R9 260,3048
Qualcomm Adreno X1-85 GPU,3045
Radeon R9 360,3032
Radeon 740M,3021
Tesla C2075,3017
GeForce GTX 675MX,2987
Snapdragon X Elite - X1E84100 - Qualcomm Adreno GP,2981
FirePro W5100,2973
FirePro W5000,2967
Quadro K1200,2960
GRID K260Q,2949
Radeon Ryzen 7 PRO 5800H,2945
Ryzen 9 5900HX with Radeon Graphics,2940
GRID M10-4Q,2937
Custom GPU 0405,2934
Radeon RX Vega Ryzen 7 5825U,2916
Radeon R7 260,2892
FirePro M6100 FireGL V,2885
Radeon Pro WX 4170,2870
Radeon Pro V340 MxGPU,2853
Radeon Ryzen 7 5800H,2846
GRID K280Q,2840
Quadro M1000M,2833
Radeon HD 6970,2831
Radeon HD 8950,2830
GeForce MX350,2828
Radeon Ryzen 5 Pro 7535U,2822
FirePro 3D V9800,2812
Quadro K5000M,2805
Quadro K4100M,2799
Ryzen 7 5800HS with Radeon Graphics,2795
GeForce GTX 770M,2794
GeForce GTX 560,2773
Quadro M620,2770
NVIDIA A10-4Q,2756
GRID P4-2B4,2754
Radeon R9 M380,2752
GRID K2,2737
Ryzen 7 5800H with Radeon Graphics,2737
Radeon Ryzen 7 PRO 5755G,2733
GRID T4-2B,2730
FirePro V9800,2727
Ryzen 7 5700G with Radeon Graphics,2727
Radeon Pro 450,2723
FirePro W4300,2718
Quadro K4000,2716
Parsec Virtual Display Adapter Ryzen 5 5600GT,2712
Barco MXRT 5500,2702
GRID M10-2Q,2692
Quadro 6000,2692
P106-090,2684
Ryzen 7 Pro 4750G with Radeon Graphics,2682
Radeon RX 550,2681
GeForce GTX 465,2656
FirePro R5000,2647
Radeon Eng Sample: 100-000000285-30_Y,2640
MONSTER GeForce GTX 675M,2637
Radeon Pro WX 4150,2637
Intel Iris Xe,2617
Ryzen 7 5700GE with Radeon Graphics,2607
Snapdragon X Plus - X1P64100 - Qualcomm Adreno GPU,2607
Snapdragon X Elite - X1E80100 - Qualcomm Adreno GP,2603
Radeon Pro WX 3100,2600
GeForce GTX 950A,2599
GRID M10-8Q,2595
Radeon HD 6950,2595
Radeon Ryzen 9 4950U Mobile,2594
Radeon Ryzen 7 4700GE,2586
Snapdragon X Elite - X1E78100 - Qualcomm Adreno GP,2572
GeForce GTX 950M,2571
Ryzen 7 PRO 7730U with Radeon Graphics,2567
Radeon Ryzen 9 4900H,2555
Radeon Ryzen 7 5800HS,2550
Ryzen 7 PRO 4750GE with Radeon Graphics,2550
Ryzen 5 5600G with Radeon Graphics,2547
Ryzen 5 5600GE with Radeon Graphics,2547
Radeon Ryzen 3 PRO 5355G,2544
GRID K240Q,2541
GeForce GTX 850M,2538
Radeon HD 6850 X2,2534
Radeon Ryzen 7 PRO 4750G,2532
GeForce GTX 650 Ti,2529
FireStream 9370,2528
Radeon Ryzen 7 4700G,2526
N18E-Q1,2525
FirePro M6100,2517
Ryzen 7 4700GE with Radeon Graphics,2496
Ryzen 5 PRO 5650G with Radeon Graphics,2481
Barco MXRT 5600,2466
Ryzen 5 PRO 5650GE with Radeon Graphics,2455
GRID M60-4A,2450
Radeon Ryzen 5 5500GT,2440
FirePro 3D V8800,2438
Ryzen 7 7730U with Radeon Graphics,2433
Radeon Ryzen 7 5825U,2417
GeForce GT 1030,2402
Radeon RX Vega 11 PRD,2402
Radeon Ryzen 5 5600GT,2398
Radeon Ryzen 5 PRO 5655G,2398
Radeon Ryzen 7 5800U,2386
GRID M10-1Q,2385
Ryzen 7 PRO 5750GE with Radeon Graphics,2382
RadeonT 680M Ryzen 7 6800H,2381
GeForce MX250,2376
Ryzen 5 Pro 4650G with Radeon Graphics,2374
Radeon Ryzen 5 5600H,2370
Radeon RX 550X,2367
Radeon Pro,2366
GeForce GTX 485M,2360
FirePro W6150M,2358
Radeon RX Vega Ryzen 5 5500U,2356
Radeon Ryzen 7 PRO 4750GE,2356
Ryzen 7 5825U with Radeon Graphics,2351
GeForce MX330,2346
Ryzen 7 4800U with Radeon Graphics,2344
Radeon Ryzen 7 7730U,2339
Radeon Ryzen 5 4600GE with Radeon Graphics,2337
Ryzen 5 4600G with Radeon Graphics,2335
Ryzen 7 PRO 5750G with Radeon Graphics,2335
Radeon R9 M470,2331
Radeon RX Vega Ryzen 3 5300U,2330
Red Hat VirtIO GPU DOD controller,2320
Radeon Ryzen 5 PRO 5650G,2318
Radeon Ryzen 5 5600GE,2315
Ryzen 3 4300GE with Radeon Graphics,2315
Radeon RX Vega - Renoir Ryzen 3 5300U,2312
Ryzen 7 5800U with Radeon Graphics,2310
Ryzen 5 PRO 4400G with Radeon Graphics,2306
Ryzen 3 PRO 5350G with Radeon Graphics,2305
Radeon Ryzen 7 4800U,2303
Ryzen 5 5600H with Radeon Graphics,2297
Radeon Ryzen 5 7430U,2294
Radeon HD 5970,2290
FirePro V8800,2281
Quadro K3100M,2275
GeForce GTX 460,2274
Radeon Ryzen 5 PRO 4400G,2273
Radeon HD 6970M,2270
Ryzen 5 7430U with Radeon Graphics,2270
Radeon R7 250X,2269
Radeon Ryzen 5 PRO 4655G,2267
Ryzen 7 PRO 5850U with Radeon Graphics,2265
FirePro V7900,2261
Radeon Ryzen 7 PRO 7730U,2257
GeForce MX150,2256
GRID M60-1B,2256
Ryzen 7 9700X 8-Core Processor,2251
Ryzen 5 7530U with Radeon Graphics,2250
Radeon Ryzen 7 Microsoft Surface Edition,2242
Ryzen 7 5700U with Radeon Graphics,2241
Quadro M600M,2240
Radeon Ryzen 5 PRO 5650GE,2240
Meta Virtual Monitor Ryzen 7 5700U,2236
Ryzen 5 5500GT with Radeon Graphics,2224
GRID P100-1B,2223
Radeon Pro WX 3200,2222
RadeonT 660M,2221
Radeon 660M Ryzen 3 7335U,2217
Radeon Ryzen 5 PRO 4655GE,2217
Radeon Ryzen Embedded V2748,2216
Quadro K620,2211
Radeon RX 640,2209
Radeon Ryzen 7 5700U,2208
Radeon HD 6870,2204
Radeon Ryzen 7 PRO 5875U,2204
Ryzen 5 5600GT with Radeon Graphics,2201
Radeon Vega 11 Ryzen 5 PRO 3350G,2194
Radeon Ryzen 5 7530U,2192
Ryzen 7 4700G with Radeon Graphics,2187
Radeon HD 5870,2180
A16-2B,2178
Radeon HD 7770,2173
Ryzen 5 PRO 4650GE with Radeon Graphics,2169
Radeon 820M,2165
Radeon Ryzen 3 7335U,2154
Ryzen 7 Extreme Edition,2152
GRID P4-1B,2151
Ryzen 5 5600U with Radeon Graphics,2151
Parsec Virtual Display Adapter Ryzen 5 3400G,2149
Ryzen 3 PRO 7330U with Radeon Graphics,2144
Radeon RX Vega 11 Ryzen 5 3400G,2137
Radeon Ryzen 9 7900X 12-Core,2137
Radeon RX 540,2134
Radeon 550,2127
Radeon Eng Sample: 100-000000146-20_37/30_Y,2124
Ryzen 5 4600H with Radeon Graphics,2124
GeForce GTX 745,2122
Radeon Ryzen 7 PRO 5755GE,2120
Ryzen 7 4800H with Radeon Graphics,2113
GeForce 945M,2109
Radeon Eng Sample: 100-000000288-40_Y,2103
Ryzen 5 5560U with Radeon Graphics,2098
Radeon RX Vega 11,2091
Radeon Ryzen 5 5600U,2091
GeForce GTX 460 v2,2074
GRID M6-1Q,2069
Ryzen 7 PRO 5875U with Radeon Graphics,2067
Radeon Ryzen 5 5625U,2065
Radeon R9 M385,2061
Quadro 5000M,2060
Radeon TM R9 A360,2060
Ryzen 3 Pro 4350G with Radeon Graphics,2051
Quadro K4000M,2050
Radeon Ryzen 5 5500H,2049
L40S-1Q,2046
Radeon Ryzen 7 4700U,2043
Radeon Ryzen 5 5560U,2036
Ryzen 7 4700U with Radeon Graphics,2034
Radeon Ryzen 5 Microsoft Surface Edition,2030
Ryzen 7 PRO 4750U with Radeon Graphics,2030
FirePro V7800,2028
Intel Iris Pro P580,2026
Quadro P520,2025
Radeon Ryzen 5 5500U,2020
GeForce GTX 765M,2008
Ryzen 5 PRO 4500U with Radeon Graphics,2008
GeForce GT 645,2006
Ryzen 3 5300G with Radeon Graphics,2006
Radeon Ryzen Embedded V2718,1999
Moore Threads S3000 MTvGPU-1132,1997
Radeon R9 350,1997
Radeon Vega 11 Ryzen 5 PRO 3400G,1997
Ryzen 5 5625U with Radeon Graphics,1997
Ryzen 5 PRO 5650U with Radeon Graphics,1995
Radeon R9 M385X,1994
GeForce GTX 460 SE,1992
Intel Iris Pro 580,1984
Radeon R7 + R7 350 Dual,1982
Radeon Ryzen 7 PRO 4750U,1982
Ryzen 3 7335U with Radeon Graphics,1980
Radeon Ryzen 3 PRO 7335U,1979
GeForce GTX 670MX,1978
Radeon RX Vega 11 Ryzen 5 3400GE,1971
Ryzen 5 5500U with Radeon Graphics,1971
Ryzen 3 5300GE with Radeon Graphics,1968
Intel Iris Xe MAX 100,1965
Quadro 5000,1963
Radeon R7 + HD 7700 Dual,1962
Radeon HD 7660D + HD 7700 Dual,1958
GeForce GTX 470M,1953
Radeon Ryzen 3 PRO 5355GE,1952
Radeon HD 5850,1949
Qualcomm Adreno 8cx Gen 3,1947
Ryzen 3 PRO 4350GE with Radeon Graphics,1941
Radeon HD 6850,1938
Qualcomm Adreno 8cx Gen 3 GPU,1933
Radeon Vega 8 Ryzen 3 3200GE,1926
Radeon RX 570X,1923
Radeon HD 7560D + 7700 Dual,1919
Quadro M520,1917
Radeon RX Vega 11 Ryzen 5 3350G,1917
RadeonT RX Vega 11,1917
Moore Threads MTT S70,1915
Intel UHD Graphics 770,1912
Radeon Pro WX 4130,1909
Ryzen 5 4600U with Radeon Graphics,1903
Radeon HD 7700-serie,1899
Ryzen 5 PRO 7530U with Radeon Graphics,1893
Qualcomm Adreno X1-45 GPU,1892
Radeon HD 8670D + HD 7700 Dual,1892
Citrix Indirect Display Adapter,1888
Radeon R7 450,1881
Radeon Pro WX 2100,1880
GeForce GTX 645,1876
Radeon Ryzen 9 7900 12-Core,1875
FirePro M5100,1874
Radeon Ryzen 5 PRO 5675U,1870
Intel HD 5600,1869
FirePro 3D V7800,1867
Radeon Ryzen 3 PRO 7330U,1866
Radeon Ryzen Embedded R2544,1865
Radeon Vega 11,1865
GeForce GTX 570M,1862
MirrorOp Virtual Adaptor Ryzen 7 PRO 5850U,1860
Ryzen 5 9600X 6-Core Processor,1859
Intel Iris Xe MAX,1858
GeForce GTX 675M,1855
GeForce 945A,1852
GeForce GTX 560 SE,1847
Radeon RX Vega 10 Ryzen 7 3750H,1846
FirePro M5100 FireGL V,1839
GRID M60-0B,1838
Radeon HD 8570D + HD 7700 Dual,1835
Ryzen 7 9800X3D 8-Core Processor,1830
Radeon 610M Ryzen 9 7945HX,1826
GeForce MX230,1822
FirePro M6000,1820
Radeon R9 M360,1815
Matrox C900 PCIe x16,1812
Radeon Vega 11 Ryzen 5 PRO 3350GE,1811
GeForce MX130,1805
ICE DISPLAY WDDM DRIVER,1805
Ryzen 5 4500U with Radeon Graphics,1804
Matrox C680 PCIe x16,1803
Radeon Eng Sample: 100-000000149-40_40/30_Y,1801
Radeon HD 8870M / R9 M270X / M370X,1800
Intel UHD Graphics P630,1798
Radeon Ryzen Embedded V2516,1796
Radeon Ryzen 7 7700X 8-Core,1795
Ryzen 3 PRO 5350GE with Radeon Graphics,1793
Intel Iris Plus,1791
Radeon HD 8670D + 7700 Dual,1789
Radeon RX Vega 11 Processor,1789
Radeon R7 M465X,1787
Firepro W5170M,1782
GeForce GTX 580M,1772
Embedded Radeon E9173,1771
Ryzen 9 9950X 16-Core Processor,1770
Radeon Ryzen 9 7900X3D 12-Core,1764
GeForce GTX 650,1758
Radeon R9 M375X,1758
Intel Iris Plus 645,1751
Ryzen 3 PRO 4200GE with Radeon Graphics,1748
Radeon Ryzen 5 PRO 5655GE,1743
FirePro M6000 Mobility Pro,1741
GeForce GTX 760M,1730
Intel Iris Plus 655,1730
Ryzen 9 9900X 12-Core Processor,1729
GeForce GT 755M,1728
Radeon HD HD7850M,1727
Radeon Ryzen 7 7800X3D 8-Core,1727
Radeon HD 5830,1726
GeForce GTX 670M,1720
Ryzen 5 PRO 5675U with Radeon Graphics,1720
Radeon Vega 8 Ryzen 5 3550H,1714
Radeon HD 7750,1703
Intel UHD Graphics 750,1698
Ryzen 3 4300G with Radeon Graphics,1697
FirePro W600,1695
Radeon HD 6900M,1695
Ryzen 3 7330U with Radeon Graphics,1693
Quadro 5010M,1691
Ryzen 3 5425U with Radeon Graphics,1691
Radeon Ryzen 5 7600 6-Core,1689
Ryzen 5 PRO 4650U with Radeon Graphics,1687
Radeon E8860,1686
L4-2B,1675
Radeon Vega 8 Ryzen 3 3200G,1671
Radeon Ryzen 5 7600X3D 6-Core,1670
Intel UHD Graphics P750,1669
Radeon R7 M380,1669
Radeon Ryzen 7 7700 8-Core,1664
Radeon EPYC 4584PX 16-Core,1662
Radeon Ryzen 7 PRO 7745 8-Core,1661
Quadro P400,1660
Radeon 610M Ryzen 9 7945HX3D,1660
Radeon Eng Sample: 100-000000144-40_38/38_Y,1659
PCI\VEN_1002&amp;DEV_164E&amp;SUBSYS_D0001458&amp;REV_C3 Ryzen,1654
GeForce GTX 480M,1653
Radeon Ryzen 3 PRO 5475U,1650
Quadro P500,1646
GRID M10-2B,1644
Radeon Ryzen 9 7950X3D 16-Core,1642
Radeon HD 8870M,1638
FirePro M4000 Mobility Pro,1629
Radeon RX Vega 10,1628
Radeon Ryzen 5 7600X 6-Core,1626
Radeon Ryzen 3 PRO 4355GE,1622
Radeon Vega 8 Ryzen 5 3580U,1621
Radeon EPYC 4484PX 12-Core,1620
Quadro K3000M,1619
Radeon Ryzen 5 PRO 7645 6-Core,1619
Ryzen 3 PRO 5450U with Radeon Graphics,1617
Ryzen 7 2700U with Radeon Vega,1617
Radeon Ryzen 7 7745HX,1614
Radeon Ryzen 3 PRO 5450U,1613
Radeon Ryzen 9 5900H,1610
Radeon R9 M275X,1609
Radeon Ryzen 9 PRO 7945 12-Core,1608
Quadro K2000D,1607
Radeon RX Vega11 Ryzen 7 3750H,1607
Radeon 610M Ryzen 9 7940HX,1605
Radeon RX Vega11,1605
GeForce GTX 555,1604
Seria Radeon HD 7700,1604
Ryzen 3 5400U with Radeon Graphics,1603
Virtual Display Device,1602
FirePro M4000,1599
Radeon Vega 10 Ryzen 7 PRO 3700U w/,1598
Intel Iris Plus 650,1596
Radeon 540X,1596
Radeon Ryzen 5 PRO 7445 6-Core,1592
Radeon 630,1589
Radeon Eng Sample: 100-000000098-40_39/27_Y,1588
Radeon Vega 9,1588
Quadro K2000,1583
Intel Iris Pro P6300,1582
Radeon Ryzen 3 5425U,1581
Radeon Vega 11 Ryzen 5 PRO 3400GE w/,1580
Radeon R9 M275X / M375,1575
Radeon Athlon Gold PRO 4150GE,1574
Radeon R9 M370X,1571
Radeon Ryzen 3 7330U,1570
Radeon Vega 8,1568
Radeon HD 6790,1567
Radeon HD 7560D + HD 6670 Dual,1555
GeForce GTX 550 Ti,1553
Radeon HD 4890,1546
Radeon HD 8470D + HD 7500 Dual,1545
Ryzen 3 PRO 4300U with Radeon Graphics,1543
Radeon Vega 8 Ryzen 3 PRO 3200GE w/,1542
Radeon RX Vega 8,1540
FirePro V8700,1539
Intel Iris Pro Graphics 6200,1539
Intel UHD Graphics 730,1539
Radeon Ryzen 3 5300U,1539
Ryzen 3 5300U with Radeon Graphics,1539
Radeon Vega 10 Mobile,1535
Radeon Vega 9 Ryzen 5 Microsoft Surface Edition,1520
Radeon RX Vega11 Ryzen 7 Microsoft Surface Edition,1519
Radeon Vega 9 Ryzen 5 3550H,1517
Intel UHD Graphics,1514
GeForce 940MX,1511
Radeon HD 7870M,1507
GRID M10-1B,1504
A40-2Q,1503
Radeon Vega 10,1503
Ryzen 5 2500U with Radeon Vega,1503
GeForce 845M,1501
Radeon HD 6670 + 7660D Dual,1492
Radeon RX Vega 6,1492
FirePro W4100,1489
Radeon HD 7660D + HD 6670 Dual,1485
Radeon R9 M365X,1482
Radeon Vega 8 Ryzen 5 PRO 3500U w/,1477
Radeon 550X,1476
GeForce GTX 285,1475
Quadro 4000,1473
Radeon RX Vega 10 Ryzen 7 3700U,1473
Ryzen 3 PRO 4450U with Radeon Graphics,1462
Radeon EPYC 4464P 12-Core,1461
Radeon 540,1458
GeForce GTX 660M,1452
Intel Iris 550,1449
Radeon EPYC 4344P 8-Core,1449
Radeon RX Vega 10 Ryzen 7 PRO 3700U w/,1449
Ryzen 5 PRO 4400GE with Radeon Graphics,1442
Radeon Vega 8 Mobile,1440
Radeon HD 8470D + HD 6670 Dual,1436
Radeon Ryzen Embedded V2546,1435
Intel Iris 650,1433
Ryzen 3 PRO 5475U with Radeon Graphics,1432
FirePro W5130M,1426
Radeon HD 7560D + 7670 Dual,1426
GeForce GT 740,1425
Radeon EPYC 4244P 6-Core,1424
Radeon Vega 6 Ryzen 3 3350U,1420
Radeon R7 M370,1418
GeForce MX110,1413
Radeon Vega 8 Ryzen 3 PRO 3200G,1395
Radeon HD 4870,1386
Radeon HD 7560D + HD 7670 Dual,1380
Radeon Ryzen Embedded R2514,1374
Radeon HD 7850M,1373
Quadro K2100M,1371
Ryzen 3 4300U with Radeon Graphics,1370
Radeon Eng Sample: 100-000000151-40_38/33_Y,1367
Radeon R9 255,1365
FirePro M40003,1364
Radeon HD 8670D + 6670 Dual,1361
Radeon Vega 8 Ryzen 5 3500U,1359
Intel Iris Plus 640,1355
GeForce GTX 275,1351
Radeon HD 5770,1349
Radeon R7 FX-9830P RADEON,1348
Radeon HD 7560D + HD 7700 Dual,1347
FireStream 9270,1341
GeForce GTS 450,1340
Radeon 610M Ryzen 7 8745HX,1336
GeForce GT 750M,1331
Radeon Vega 6 Ryzen 3 3300U,1327
Radeon HD 8670D + HD 7600 Dual,1318
FirePro M5950,1314
Radeon Vega 6,1310
Radeon HD 4870 X2,1309
Radeon HD 8790M,1306
Tesla M2070-Q,1306
Radeon Vega 8 Ryzen 5 3450U,1302
TENSOR 1.0 Driver Intel HD 630,1300
Radeon Vega 6 Ryzen 3 PRO 3300U w/,1294
Quadro 4000M,1287
GeForce GTX 280,1285
GeForce GTX 560M,1284
MxGPU,1282
Radeon R7 A370,1281
Intel HD P630,1280
Radeon HD 6770,1275
GeForce 930MX,1274
Intel Iris 540,1273
FirePro 3D V8750,1272
L4-1B,1264
Mirage Driver,1261
Radeon HD 8570D + HD 6670 Dual,1261
Radeon EPYC 4124P 4-Core,1260
Radeon HD 7560D + HD 7600 Dual,1258
Radeon Ryzen 5 3550H,1257
Quadro 2000 D,1239
Radeon HD 8570D + 6570 Dual,1239
Radeon HD 7660D + 6670 Dual,1238
Radeon HD 7560D + HD 6570 Dual,1237
Radeon R7 + R5 340 Dual,1235
GeForce GT 745A,1234
FirePro 3D V5800,1232
FirePro V5900,1232
Radeon R7 + R7 250 Dual,1232
Intel UHD Graphics 630,1229
GeForce GTX 760A,1226
Radeon EPYC 4564P 16-Core,1226
Radeon HD 8670D + HD 6670 Dual,1222
GeForce GTX 295,1220
GeForce GTX 460M,1219
GeForce 930A,1218
Quadro FX 5800,1211
Radeon HD 8790M / R9 M290X,1211
Radeon 610M,1209
FirePro 3D V8700,1206
N16P-GX,1205
Radeon HD 7660D + 7540D Dual,1204
Radeon R9 M270X,1204
GeForce GTX 260,1200
Radeon HD 7750M,1191
Radeon R7 +8G,1191
NVS 810,1190
GeForce GT 650M,1185
FirePro V5800,1184
Firepro W4190M,1178
Quadro M500M,1176
GeForce 830A,1173
Quadro K620M,1171
Radeon HD 5750,1171
Radeon R9 M265X,1171
FirePro M4170,1168
GeForce GT 640,1168
Intel Iris Pro 5200,1168
Radeon RX Vega 10 Ryzen 7 3700C,1166
FireStream 9250,1165
Radeon HD 7730,1163
Barco MXRT 5400,1161
GRID T4-1B,1160
Intel Coffee Lake UHD,1158
Intel HD P530,1154
GeForce GPU,1153
Radeon HD 8850M / R9 M265X,1140
Radeon Ryzen 7 3700U,1136
GeForce 940M,1132
Radeon HD 4850 X2,1132
Radeon HD 7560D + 6670 Dual,1131
Radeon HD 8650G + 7700M Dual,1126
Radeon HD 7660D + 7500 Dual,1121
Radeon Ryzen 5 3450U,1117
GeForce GT 545,1115
Radeon R9 M275,1115
GeForce 940A,1114
Radeon Ryzen Embedded R2314,1113
Intel HD 630,1111
Radeon R7 Opteron X3421,1104
GeForce 840M,1100
Quadro 2100M,1100
Radeon HD 7660D + 6570 Dual,1100
Radeon R5 PRO A6-9500 2C+6G,1096
GeForce GTX 850M - MODDED,1092
Radeon Vega 3 Athlon PRO 300GE w/,1090
Radeon Vega 3 Athlon Gold 3150G,1089
Quadro K1100M,1088
Qualcomm Adreno 690 GPU,1088
Radeon R7 430,1088
GeForce 840A,1086
GeForce GT 745M,1082
MIRRORV3,1081
Barco MXRT 5450,1079
Mobility Radeon HD 5870,1078
Radeon R7 + R7 200 Dual,1077
Radeon R7 M350,1076
Radeon 625,1073
Radeon HD 8450G + 8600/8700M Dual,1070
Radeon R7 M460,1069
Radeon R7 M465,1069
RadeonT 610M,1063
Radeon HD 7660D + 7670 Dual,1062
GeForce 920MX,1061
Radeon HD 7520G + 7700M Dual,1061
Firepro M4100,1059
Radeon HD 8750M,1057
Radeon R7 250,1055
Radeon R7 A10-7870K,1055
OPAL XT/GL,1053
Radeon R7 A12-9800 RADEON,1053
Radeon Vega 3 Mobile,1053
FirePro W4170M,1051
Radeon HD 7670A,1050
Intel UHD Graphics 710,1049
Radeon 535,1048
Radeon R7 + R7 240 Dual,1045
Intel UHD Graphics 620,1042
Radeon HD 6750,1042
Radeon HD 8570D + 6670 Dual,1040
Radeon 530,1035
Radeon HD 8570D + HD 8570 Dual,1033
Radeon HD 8600/8700M,1030
Radeon R7 + R5 330 Dual,1028
FirePro M4150,1022
Radeon HD 8670D + R7 240 Dual,1020
Radeon HD 6700M,1017
Radeon R5 A6-9500E 2C+4G,1015
Radeon R7 M260X,1013
GeForce 930M,1012
Meta Virtual Monitor Ryzen 5 5625U,1009
Radeon HD 7690M XT,1009
Quadro FX 4800,1008
Glenfly Arise-GT-10C0,1007
Quadro 3000M,1006
Radeon R9 M375,1005
FirePro V4900,1003
Radeon HD 7660G + HD 7500/7600 7500/7600 Dual,1002
GeForce 830M,1000
Radeon Vega 3 Ryzen Embedded R1606G,1000
Quadro K2000M,999
Radeon HD 7660G + HD 7500M/7600M Dual,999
Radeon HD 8570D + R7 200 Dual,999
Radeon R7 A10-7890K,999
Radeon Vega 3 Athlon 300GE,999
Radeon HD 7640G + HD 8750M Dual,997
Radeon R7 A265,994
Intel HD 530,990
Radeon HD 7560D + 7570 Dual,985
Radeon HD 8690M,984
Radeon HD 7560D + 7560D Dual,983
Radeon R7 PRO A12-8870,982
Quadro 2000D,980
Radeon R7 PRO A8-8670E,978
Radeon R5 A10-9630P 4C+6G,977
Radeon R7 A12-9730P RADEON,976
Radeon HD 8670D + 8570 Dual,974
Radeon HD 8850M,973
GeForce GT 1010,972
Radeon R6 A10-9600P 4C+6G,970
Radeon R7 PRO A12-9800E,968
Radeon HD 7660G N HD 7660G + HD 7700M N HD 7700M D,967
Radeon HD 6770M,964
Radeon HD 8570D + R7 240 Dual,964
Radeon R7 340,960
"Radeon R5 PRO A6-8570 R5, 8 COMPUTE CORES 2C+6G",957
Radeon R6 Opteron X3418,955
Radeon 620,954
Radeon HD 8670D + R7 200 Dual,950
Radeon Vega 3 Athlon 3000G,950
Radeon HD 8570 + HD 7660D Dual,949
Quadro CX,947
Radeon HD 4850,947
Radeon R7 M445,947
Quadro 2000,946
Radeon HD 6670/7670,946
Radeon HD 7640G + 7690M Dual,946
Radeon R7 PRO A10-8850B,945
GeForce GT 645M,944
Radeon R7 A12-9800E RADEON,943
Radeon HD 7660D + R7 240 Dual,942
Radeon HD 8570,942
Radeon R7 PRO A12-9800,940
Radeon HD 6750M,937
Radeon HD 7560D + HD 8570 Dual,936
Radeon HD 7660G + 7730M Dual,931
Radeon R7 240 + HD 8670D Dual,930
Radeon R7 A10-7850K,926
Intel Iris Pro 6100,925
Radeon R7 PRO A10-9700E,920
Intel HD Graphics 620,919
Radeon R7 240 + HD 8570D Dual,918
GRID K220Q,912
GRID M6-0B,912
Radeon 6750M,911
Radeon HD 4770,909
Radeon R7 A10-9700 RADEON,908
Radeon R7 240,907
Radeon RX Vega 6 Ryzen 3 3200U,906
"Radeon R5 A6-9500 RADEON R5, 8 COMPUTE CORES 2C+6G",903
Barco MXRT 7400,901
Intel Iris 6100,901
Radeon HD 8550G + 7600M Dual,901
Barco MXRT 2600,900
Radeon R7 M440,900
Qualcomm Adreno 685 GPU,899
Radeon R7 + R5 Dual,898
Qualcomm Adreno 680 GPU,896
7900 MOD - Radeon HD 6550D,893
Radeon Vega 3,892
Radeon R7 PRO A10-8770,888
GeForce GT 640M,887
Radeon R7 A10-9700E RADEON,887
Radeon EPYC 4364P 8-Core,886
Radeon R7 + R5 435 Dual A10-9700 RADEON,886
Radeon R5 430,885
Radeon HD 8650G + 7670M Dual,884
Radeon HD 7660G + HD 7730M Dual,882
Radeon 520,877
Intel HD 6000,876
Radeon R7 A10-7860K,876
Radeon R7 PRO A12-8870E,875
GRID M10-0B,871
Radeon R7 G,870
Radeon HD 8570D + HD 6570 Dual,868
Mobility Radeon HD 4850,866
Radeon HD 4830,866
Radeon HD 8470D + HD 6450 Dual,863
Radeon R5 M435,863
Intel HD 520,861
Radeon R7 A8-9600 RADEON,858
Radeon R5 340,857
Radeon R7 A10-8750,856
FirePro 3D V4800,854
Radeon HD 8500M/8700M,853
Radeon R5 A6-9500 2C+6G,853
Radeon R7 A8-7500 4C+6G,853
FirePro W2100,850
Radeon E6760,850
Radeon R5 PRO A6-8570 2C+6G,847
Radeon R7 A8-7670K,847
Radeon R7 M365X,842
FireGL V8600,839
Radeon HD 8470D + 6570 Dual,838
Radeon HD 8670D + R5 235 Dual,837
Radeon R7 PRO A8-9600,837
Radeon Ryzen Embedded R2312,837
Radeon HD 6650A,836
Radeon HD 7560D + 6570 Dual,833
Radeon Vega 3 Ryzen 3 3200U,833
Radeon HD 7520G + HD 7500/7600 Dual,832
Radeon HD 7660G + 7600M Dual,832
Radeon HD 7690M,832
Radeon HD 8650G + 8600/8700M Dual,832
Intel HD 5200,830
GeForce 920A,829
GRID M60-0Q,827
GeForce GT 730,824
Quadro FX 3800,824
Radeon HD 7640G N HD 7640G + HD 7600M N HD 7600M D,824
Radeon HD 8730M,823
Radeon HD 3850 X2,822
Radeon HD 7540D + 7500 Dual,822
Radeon R7 A10 PRO-7850B,822
Radeon HD 8650G + HD 7600M Dual,820
Radeon R7 FX-8800P,820
Radeon HD 8550G + HD 8750M Dual,819
Radeon R7 M260DX,817
Intel UHD Graphics 617,815
Radeon R9 M280X,814
Radeon Vega 3 Athlon 300U,814
Radeon HD 8670D + 7000 Dual,812
GeForce GT 445M,811
Radeon R7 A8-7500,811
Radeon R7 PRO A10-9700,811
GeForce GT 635,810
GeForce GT 730M,807
Radeon R7 A10 Extreme Edition,806
Radeon Vega 3 Athlon Silver 3050U,806
Radeon HD 7670,803
Radeon HD 8550G + 8600/8700M Dual,803
Radeon Ryzen 3 3500U,803
Radeon HD 8650G + HD 8790M Dual,800
Radeon R8 M445DX,797
GRID M10-0Q,796
Radeon HD 5670,796
Radeon HD 8550G + 8750M Dual,796
Radeon HD 8650G N HD 8650G + HD 8600/8700M Dual,796
Radeon R7 PRO A10-8770E,793
Intel UHD 770,790
"Radeon R5 A10-9630P RADEON R5, 10 COMPUTE CORES 4C",790
Radeon HD 7730M,789
Radeon Ryzen 3 3250U,789
Radeon HD 8650G + 8750M Dual,787
Radeon R7 PRO A10-8750B,784
Radeon R7 A365,781
Radeon R7 A8-7680,781
Radeon R7 PRO A6-9500 2C+6G,781
Radeon R7 M270,780
GeForce GT 740M,779
Qualcomm Adreno 7c Gen 3 GPU,778
Radeon HD 7660G + HD 7700M Dual,777
Radeon HD 7640G + 7500M/7600M Dual,776
Radeon HD 4810,775
Radeon 535DX,774
Radeon R7 A10-7700K,774
Radeon R7 A8-7600,774
Mobility Radeon HD 5000,773
Radeon HD 7600M + 7600M Dual,773
Radeon HD 8650G N HD 8650G + HD 8570M Dual,773
Radeon R7 A10-8850,773
Radeon Athlon Gold 3150U,772
Radeon R5 PRO A6-9500E 2C+4G,771
GeForce GT 440,770
GeForce 9800 GTX,769
Radeon HD 6650M,769
GeForce GTX 850A,767
GeForce 730A,764
Radeon HD 8650G + HD 8600/8700M Dual,764
Mobility Radeon HD 5850,763
Radeon HD 6450 + 8470D Dual,763
Radeon R5 435,762
GeForce 825M,761
"Radeon R5 PRO A6-9500 R5, 8 COMPUTE CORES 2C+6G",761
Radeon HD 7660G + HD 7500/7600 Dual,760
Radeon R7 A8-7650K,760
Quadro 2000M,758
Radeon HD 7660G + HD 8500M Dual,758
Radeon HD 8650G + HD 8600M N HD 8600M Dual,758
Radeon HD 7660G + 7700M Dual,757
Quadro 1100M,755
Quadro K1000M,754
Radeon HD 7640G + 7450M Dual,754
Radeon HD 6800M,753
Radeon HD 8570D + HD 7000 Dual,753
Radeon R7 FX-9800P RADEON,753
IncrediblE HD 4600,750
Radeon M535DX,750
Radeon HD 7640G + 7650M Dual,747
Radeon HD 7660G + HD 8600/8700M Dual,747
Radeon HD 7660G + 7610M Dual,746
Radeon HD 8670D + R5 330 Dual,746
Radeon R5 235 + HD 7560D Dual,744
GeForce GT 730A,743
Radeon HD 7660G + 7670M Dual,743
Radeon HD 8650G + 7600M Dual,742
Radeon R7 A10-7800,741
Intel Poison Ivy,739
GeForce GT 340,738
Radeon HD 7670M + 7670M Dual,738
Radeon R5 235 + HD 8570D Dual,738
Radeon R7 A12-9720P RADEON,733
Radeon R5 A10-9620P 4C+6G,732
Radeon Vega 3 Ryzen Embedded R1505G,732
GRID P4-1Q,730
Radeon HD 6670,729
Radeon HD 7550M/7650M,729
GRID K140Q,728
Intel Iris 5100,728
Radeon R7 PRO A8-8650B,726
Quadro K420,724
Radeon HD 7660G N HD 7660G + HD 7600M N HD 7600M D,723
Radeon HD 8650G + R5 M200 Dual,723
Asus GTX 650 FML II EC-EGPU,721
Quadro K600,721
"Radeon R5 A6-9500E RADEON R5, 6 COMPUTE CORES 2C+4",721
Mobility Radeon HD 4870,720
Radeon HD 7540D + 6570 Dual,720
Radeon HD 8670D + HD 7000 Dual,719
Radeon R7 A8-8650,719
Radeon Vega 3 Athlon 320GE,719
Intel UHD Graphics 615,718
GeForce 920M,717
Radeon HD 8470D + 6450 Dual,717
Radeon HD 8650G + HD 8570M Dual,716
Radeon R7 A10 PRO-7800B,715
Quadro K610M,713
Radeon HD 7660G + HD 8670M Dual,711
GeForce GT 740A,710
Radeon HD 6550A,708
Radeon HD 7660G + HD 7670M Dual,707
Radeon HD 7640G + 7600M Dual,706
Radeon HD 7660G N HD 7660G + HD 7670M Dual,705
Radeon HD 7640G + HD 7600M Dual,704
Qualcomm Adreno 7c+ Gen 3,702
"Radeon R5 A10-9600P RADEON R5, 10 COMPUTE CORES 4C",701
GeForce GT 640M LE,699
Radeon HD 7570M/HD 7670M,699
Radeon R5 PRO A10-8730B 4C+6G,695
Radeon R5 PRO A6-9500B 2C+4G,693
Intel HD 615,691
Radeon HD 7640G + 7700M Dual,691
Radeon R5 PRO A6-8530B 2C+4G,690
Radeon HD 7640G + 8600/8700M Dual,689
Intel UHD Graphics 610,687
GeForce GT 630,686
Radeon HD 8650G + R5 M230 Dual,686
Radeon HD 6630M,685
Radeon Vega 3 Ryzen 3 3250U,685
Radeon R7 PRO A12-9800B,683
Radeon HD 7640G N HD 7640G + HD 7670M Dual,680
Radeon HD 8650G N HD 8650G + HD 8600M N HD 8600M D,680
Radeon R7 A12-9700P RADEON,680
GeForce GTS 160M,679
Radeon R5 A6-7480,679
Radeon Vega 3 Athlon Gold 3150U,679
NVS 510,678
Radeon HD 7640G + HD 8670M Dual,677
Intel HD 610,676
Quadro FX 4700 X2,676
Radeon HD 8610G + R5 M200 Dual,676
Radeon Athlon Silver 3050U,674
Radeon R8 M535DX,670
Radeon HD 7640G + HD 8500M N HD 8500M Dual,666
FirePro M7740,665
Radeon HD 8550G + 8690M Dual,664
FireGL V7700,660
GeForce GT 735M,660
Radeon HD 2900 XT,660
GeForce GT 530,659
GeForce GT 720,659
Mi Pad 5 Adreno 640 GPU,659
Radeon R5 PRO A8-9600B 4C+6G,659
GeForce GT 140,658
GeForce 810A,655
Radeon HD 7640G + 8750M Dual,655
Radeon HD 8550G + HD 8600/8700M Dual,655
Radeon HD 8650G + 8570M Dual,654
Radeon HD 8650G + HD 8750M Dual,652
GRID K1,651
Radeon HD 7520G + HD 8750M Dual,651
SUMO 9640,650
"Radeon R5 A10-9620P RADEON R5, 10 COMPUTE CORES 4C",649
Radeon R5 M430,649
FireStream 9170,647
GeForce GT 555M,647
Radeon HD 6670 + 6670 Dual,647
Radeon R8 M365DX,647
Radeon HD 8610G + HD 8500M Dual,646
Radeon R7 M340,646
Radeon HD 7640G + 7670M Dual,645
Radeon R7 A8 PRO-7600B,644
GeForce 8800 Ultra,643
Radeon HD 7540D + HD 6450 Dual,643
Quadro K510M,641
Intel HD 515,638
Radeon R5 PRO A6-8570E 2C+4G,638
Radeon HD 7640G + 7400M Dual,637
Radeon HD 8450G + 8750M Dual,637
GeForce 9800 S,636
Radeon HD 8650G + 8670M Dual,635
Radeon HD 7660D + HD 7000 Dual,634
Radeon HD 8650G + HD 7670M Dual,634
"Radeon R5 PRO A6-8570E R5, 6 COMPUTE CORES 2C+4G",633
Radeon HD 7610M,632
FirePro V3900,631
GeForce GTS 360M,631
Intel HD 4600,631
Intel HD P4600/P4700,631
Radeon HD 7640G + HD 7700M N HD 7700M Dual,631
Radeon HD 7660G + 7470M Dual,631
Radeon HD 8510G + HD 8500M Dual,630
Radeon R7 PRO A10-9700B,629
GRID K160Q,628
Radeon HD 2900 PRO,628
Radeon HD 7640G + 7500/7600 Dual,627
Radeon HD 8650G + 8500M Dual,627
Radeon HD 7520G + HD 8600/8700M Dual,624
Intel HD 510,621
Intel HD 4600 manual-gen9_2015-134121,620
Radeon HD 8570 + 8670D Dual,620
GeForce GT 710,619
Radeon HD 8550G + R5 M200 Dual,619
Radeon R5 A10-9600P 4C+6G,619
Radeon HD 8550G + 8600M Dual,618
Radeon HD 7500G + 7500M/7600M Dual,617
Radeon HD 7570,617
FireGL V7600,616
NVS 5400M,616
Radeon R7 A360,616
Intel UHD 630,615
Radeon HD 5600/5700,615
"Radeon R5 PRO A10-8730B R5, 10 COMPUTE CORES 4C+6G",615
GeForce 9800 GX2,613
Radeon HD 8650G + 8600M Dual,613
Radeon HD 8550G N HD 8550G + HD 8600M N HD 8600M D,612
7900 MOD - Radeon HD 6520G,610
Radeon HD 8610G + 8500M Dual,610
Radeon R7 PRO A12-8800B,610
Radeon HD 7640G + HD 8500M Dual,607
Radeon R6,607
Radeon HD 8650G + HD 8600M Dual,606
"Radeon R5 A6-9400 RADEON R5, 6 COMPUTE CORES 2C+4G",605
Radeon R6 M255DX,605
Radeon HD 8550G + 8500M Dual,603
GeForce GT 430,600
Radeon HD 8610G + 8670M Dual,600
GeForce 910M,598
Matrox C420 LP PCIe x16,597
Intel HD 5500,596
Radeon HD 8510G + 8500M Dual,596
Radeon R5 M330,596
Radeon HD 7640G + 7470M Dual,595
Radeon HD 8550G + HD 8600M Dual,594
Surface Duo Adreno 640 GPU,592
Radeon HD 7520G + 7600M Dual,591
Radeon HD 7640G + HD 7700M Dual,589
Radeon HD 8610G + 8600M Dual,589
Radeon R7 M360,589
Radeon HD 7520G + 7610M Dual,588
Radeon HD 7660G + 7400M Dual,588
Radeon HD 7660G + 8670M Dual,588
Intel HD 5000,587
Radeon HD 3870 X2,587
Radeon HD 7640G + HD 8600/8700M Dual,587
Radeon R5 A6-8500P,587
Radeon HD 7640G + 8500M Dual,586
Radeon HD 8650G + HD 8670M Dual,585
GeForce GTX 285M,584
"Radeon R6 PRO A8-8600B R6, 10 Compute Cores 4C+6G",584
Radeon HD 7520G + 7500/7600 Dual,582
RadeonT Ryzen 3 3250U,582
Radeon Vega 3 Ryzen Embedded R1305G,581
Radeon R7 PRO A12-8830B,580
Radeon HD 8550G + 8670M Dual,579
TRINITY DEVASTATOR MOBILE,579
Radeon HD 8450G + R5 M230 Dual,578
Radeon HD 8610G + HD 8670M Dual,578
GeForce 720A,577
Intel Skylake HD DT GT2,577
Radeon HD 7620G + 8670M Dual,577
Radeon HD 7640G + HD 7400M Dual,577
GeForce GTX 280M,576
Radeon R5 A240,576
Radeon HD 7520G + HD 7700M Dual,575
Radeon HD 7520G N HD 7520G + HD 7500/7600 7500/760,575
Radeon R5 420,575
GeForce 9800 GTX/9800 GTX+,571
Quadro 500M,571
Radeon R6 + R7 M265DX Dual,571
Radeon HD 7560D + 6450 Dual,569
"Radeon R5 PRO A8-9600B R5, 10 COMPUTE CORES 4C+6G",569
Radeon HD 7660G + HD 7600M Dual,568
GeForce GT 720A,567
GeForce GTS 250,567
Radeon HD 8550D,567
Radeon HD 6610M,565
Radeon R7E,565
Radeon Athlon 300GE,563
Radeon Athlon PRO 3045B,563
Radeon HD 7560D + R5 235 Dual,563
GeForce GT 550M,561
Radeon HD 7640G + R5 M200 Dual,559
Radeon HD 8550G + HD 8500M Dual,559
Radeon R5 240,559
Radeon R7 M265,559
Radeon HD 7640G + 8570M Dual,558
Radeon HD 7640G + 8670M Dual,558
GeForce 820A,556
GeForce 8800 GTX,556
Quadro FX 3800M,556
Radeon HD 7650A,556
Radeon HD 6570,555
GF117,554
Quadro 1000M,554
Radeon HD 3870,552
Radeon R7 7850A10-7850K,551
FireGL V8650,550
GeForce 8800 GTS 512,550
Radeon R5 M335,549
Mobility Radeon HD 3870,548
Radeon HD 8550G + HD 7600M Dual,548
FirePro 3D V5700,547
"Radeon R6 PRO A10-8700B R6, 10 Compute Cores 4C+6G",547
Radeon HD 8550G + HD 8670M Dual,546
FirePro 3D V7750,545
Radeon HD 7520G + HD 7400M Dual,545
Radeon HD 8450G + 8600M Dual,545
Radeon R6 A10-8700P,545
Radeon HD 7600G + HD 8670M Dual,544
Radeon R5 M255,544
Quadro FX 2700,543
Radeon HD 7520G + 7470M Dual,543
GeForce GT 820M,541
Qualcomm Adreno 675 GPU,540
GeForce GT 635M,538
Radeon R6 PRO A10-8700B 4C+6G,538
GeForce GT 435M,536
GRID K180Q,534
Radeon 6600M,534
Radeon HD 7560D + HD 7000 Dual,534
Radeon HD 8550G + 8570M Dual,533
RADEON HD6530D,532
Radeon R6 PRO A8-8600B 4C+6G,532
Intel HD 4400,529
Radeon HD 8550G + HD 8570M Dual,529
Radeon R7 M260,528
Radeon HD 7640G + 6400M Dual,527
Radeon Vega 3 3020e,527
Radeon HD 7600G N HD 7600G + HD ON HD Dual,526
Mobility Radeon HD 5570,525
Quadro FX 5600,525
Radeon HD 7660D + R5 235 Dual,524
Radeon HD 7520G + 7670M Dual,523
Radeon R5 330,523
GeForce GT 630M,520
GeForce GTS 250M,520
Quadro 600,520
Radeon HD 8670M,520
Radeon HD 7640G + HD 7670M Dual,519
Radeon Vega 3 Athlon Silver 3050e,518
GeForce 9800M GS,517
IncrediblE HD 4000,517
Intel HD P4000,516
Radeon HD 8690A,516
GeForce GTS 240,515
Radeon HD 8670D,515
Radeon HD 7660D,513
Mobility Radeon HD 4830,512
"Radeon R5 PRO A6-8500B R5, 6 Compute Cores 2C+4G",511
Radeon HD 7640G + 7610M Dual,510
Radeon HD 7600G + HD 7550M Dual,509
Radeon HD 7620G + 8600M Dual,509
Mobility Radeon HD 5730,508
Radeon R5 PRO A6-8500B 2C+4G,508
Radeon HD 7620G + HD 8670M Dual,507
Intel HD P4600,506
Radeon Vega 2,506
GeForce 615,505
Radeon 3020e,505
GeForce GTS 150M,504
Radeon HD 8450G + HD 8750M Dual,504
Radeon HD 8650G,500
GeForce GT 425M,499
Radeon R5 M420,499
Radeon R7 M265DX,499
SUMO 964A,498
TRINITY SCRAPPER MOBILE,498
NVS 5200M,497
Radeon HD 7500G + 7550M Dual,497
ASUS EAH4870x2,496
Radeon R5 M315,496
Radeon HD 7520G + HD 7670M Dual,495
GeForce 9800 GTX+,489
Radeon HD 8670D N HD 8670D + HD 8670D Dual,489
GeForce GT 240,488
Radeon HD 8550G + R5 M230 Dual,488
Radeon R5 M240,488
Radeon Vega 2 Athlon Silver 3050U,488
Radeon HD 7520G + 7400M Dual,487
Radeon R4E,487
Quadro FX 1800M,486
GeForce GT 625M,485
Radeon HD 7660G,481
Radeon HD 7670M,481
Radeon HD 8610G + HD 8600M Dual,481
GeForce 820M,480
Mobility Radeon HD 5000 Serisi,479
Mobility Radeon HD 3870 X2,478
Radeon HD 8450G + HD 8670M Dual,478
Radeon HD8530M,478
GeForce 800M,477
MS Idd Device,477
Radeon HD 5570,477
Radeon HD 7600G + HD 7500M/7600M Dual,477
Radeon HD 7640G + HD 8570M Dual,475
Radeon HD 8450G + 8670M Dual,475
Radeon R5 M320,475
Radeon R6 A8-8600P,475
GeForce GT 540M,474
GeForce 9600 GT,473
FirePro 3D V3800,472
Radeon HD 8570D + R5 235 Dual,471
GeForce GT 320,470
Quadro FX 3600M,467
Radeon HD 7660D + 7470 Dual,466
SUMO 9644,466
FirePro V5700,465
Intel HD Family,465
Radeon HD 7550M,465
"Radeon R5 PRO A6-8530B R5, 6 COMPUTE CORES 2C+4G",465
Mobility Radeon HD 4670,463
GeForce 8800M GTX,462
Radeon HD 7660G + HD 7600M N HD 7600M Dual,460
GeForce 705M,456
GeForce 8800 GT,455
GeForce 9800M GTX,454
Radeon HD 7520G + 7650M Dual,453
Radeon HD 7620G N HD 7620G + HD 8600M N HD 8600M D,452
Radeon HD 7640G,452
Radeon HD 8450G + HD 8600M Dual,452
Quadro FX 3700M,451
Radeon HD 7560D,451
Radeon HD 8570M,450
GeForce GT 525M,449
Radeon HD 8500M,448
GeForce 9800 GT,447
Radeon HD 7520G + HD 7600M Dual,447
Radeon HD 7660G + 8600M Dual,446
GeForce 710M,445
PHDGD Ivy 5,445
Radeon HD 7620G + HD 8600M Dual,443
Mobility Radeon HD 5650,441
GeForce GT 720M,439
GeForce 800A,435
Radeon HD 7600G + HD Dual,435
Radeon HD 8410G,435
GeForce GT 420,433
Matrox M9138 LP PCIe x16,433
Radeon HD 3850 AGP,432
Radeon HD 7650M,432
GeForce GT 620M,431
GeForce GT 710M,431
GeForce 710A,429
Quadro 410,428
Radeon R5 M230,427
FirePro M2000,426
Radeon HD 7640G + HD 7500/7600 Dual,424
Radeon HD 7600G + 7550M Dual,423
Radeon HD 7640G N HD 7640G + HD 8570M Dual,423
RADEON HD6410D,423
GeForce GT625M,422
GeForce 810M,420
Intel 4th Generation Haswell HD,420
Radeon HD 7570M,419
Radeon HD 8550G,416
Radeon R5 Opteron X3216,416
Quadro FX 2800M,415
"Radeon R5 PRO A6-9500B R5, 6 COMPUTE CORES 2C+4G",413
Radeon HD 8570D,410
Radeon HD 7470M,408
Intel HD 5300,407
Radeon HD 7640G + HD 7600M N HD 7600M Dual,407
Radeon HD 7600G + 7500M/7600M Dual,406
GeForce 8800 GTS,405
RADEON E4690,405
Quadro FX 4600,402
Mobility Radeon HD 4650,401
Radeon HD 3850,401
Radeon HD 6550D,400
Radeon HD 8610G,400
Radeon HD 8650D,396
Quadro FX 1800,395
GeForce GT 330,392
GeForce GT 420M,392
GeForce GT 620,391
Radeon HD 7600G + 7450M Dual,390
IncrediblE HD,389
GeForce 7900 GTX,388
Radeon HD 5550,384
GeForce 8800M GTS,382
GeForce GTX 260M,382
GeForce 9800M GT,381
GeForce GT 130,381
GeForce GTS 350M,381
Radeon HD 4670,381
Radeon HD 6490M,378
Radeon HD 7520G + 8750M Dual,377
Radeon HD 7600G + 6400M Dual,377
GeForce GT 625,375
Radeon HD 8470D,375
PHDGD Ivy 4,374
Radeon HD 8570D + HD8490 Dual,374
Radeon HD 8510G,373
Quadro FX 3700,372
GeForce GT 705,370
GeForce GT 610M / GT 620M / GT 710M / GT 720M / GT,369
GeForce GT 335M,368
Matrox Millennium P690 PCIe x16,367
Quadro FX 2700M,367
Mobility Radeon HD 3850,366
Radeon HD4670,366
Intel UHD Graphics 605,365
Radeon HD 7520G N HD 7520G + HD 7600M N HD 7600M D,365
Radeon HD 7660G + HD 8600M Dual,364
Intel HD 505,361
GeForce 9800M GTS,357
Radeon HD 7620G,357
Radeon HD 7500G + HD 7500M/7600M Dual,356
Mobility Radeon HD 565v,353
Radeon HD 6480M,353
Radeon 3015e,351
Radeon HD 7580D,351
Radeon R4,348
ZX C-1190,347
GeForce 7950 GT,346
Intel HD 4000,344
FireGL V5600,341
FirePro 3D V3750,341
Radeon HD 6620G,341
Radeon HD 8310E,341
Radeon HD 7660D + HD 7400 Dual,340
NVS 315,338
Radeon HD 8570D + HD 8470 Dual,338
Radeon HD 6530D,337
Radeon R5 235,336
FirePro RG220,335
Radeon HD 8450G,335
Radeon HD 7600G,334
Radeon HD 7600G + 8500M/8700M Dual,334
GeForce GT 610,332
Radeon R5 310,332
GeForce 605,331
Radeon HD 7540D,331
GeForce 8800 GS,330
GeForce 9600 GSO 512,330
Radeon HD 7450M,330
Radeon HD 7600G + HD 7400M Dual,329
GeForce 9700M GT,327
GeForce GT 120 / 9500 GT,325
GeForce GT 520,325
Radeon E6460,324
GeForce 9600 GSO,323
GeForce GT 230,323
FirePro V3800,321
GeForce 240M GT,320
RADEON HD6370D,320
ZX C-1080,319
Mobility Radeon HD 560v,318
Radeon HD 7420G,316
Radeon HD 7500G,316
Radeon HD 7520G,315
Radeon HD 8370D,315
Radeon R3,315
Radeon R5E,315
GeForce 9700M GTS,312
Intel UHD Graphics 600,312
Radeon HD 7520G + 8600/8700M Dual,311
NVS 4200M,310
Quadro FX 3500M,306
Intel HD 500,302
Radeon R1E,301
Radeon HD 6520G,300
GeForce 9600M GT / GeForce GT 220M,293
GRID K120Q,293
Qualcomm Adreno 630 GPU,293
GeForce 610M,292
Radeon HD 2900 GT,292
GeForce 510,290
GeForce GT 520MX,290
Beijing Fantasy Technology Fantasy II-M,289
Radeon HD 7470,289
GeForce 7950 Xtreme,288
Radeon HD 7450A,288
GeForce GT 415M,286
GeForce GT 520M,285
Mobility Radeon HD 5165,284
Radeon HD 2600 XT,283
GeForce 9600 GS,282
Intel HD P3000,282
NVS 310,282
Radeon HD 7480D,281
Radeon R5 235X,277
Radeon HD 6370M,276
Radeon HD 8400E,276
Radeon HD 8330,275
GeForce 410M,274
Radeon HD 8280E,274
Radeon HD 8400,271
GeForce 9650M GS,270
GeForce Go 7900 GTX,270
Radeon HD 8280G,270
GeForce 7800 GTX,268
Radeon HD 5470,268
GeForce 7950 GX2,267
Radeon HD 8350G,267
Mobility Radeon HD 550v,266
Radeon HD 7400G,266
Quadro FX 3500,265
GeForce Go 7950 GTX,264
Radeon HD 8490,263
GeForce 7900 GS,262
Radeon HD 8330E,262
Intel HD 3000,261
Radeon HD 8280,261
Radeon HD 6450A,260
L4-1Q,259
GeForce 7900 GT,258
Quadro FX 570,258
Radeon HD 6480G,257
Radeon HD 6370D,255
Radeon R2,255
GeForce GT 415,251
Radeon HD 7640G + 8600M Dual,250
Radeon HD 4650,248
GeForce 7900 GT/GTO,247
Radeon HD 8470,247
Radeon HD 8240,246
Mobile Intel HD,245
GeForce 7800 GT,244
Quadro FX 5500,242
Radeon HD4650,240
Quadro NVS 510M,238
Quadro FX 880M,237
Radeon HD 6410D,237
Mobility Radeon HD 5470,236
Quadro FX 4500 X2,236
Radeon HD 4550,236
GeForce 7600 GT,235
Mobility Radeon HD 3670,232
Radeon E6465,231
Quadro NVS 290,228
CARRIZO 9874,227
Quadro FX 4500,227
Radeon HD 6470M,226
Radeon R3E,225
Radeon HD 7450,224
GeForce GT 220,223
GT 430,223
Radeon R5 230,222
GeForce GT 230M,221
Radeon HD 7340M,221
A6 Micro-6500T Quad-Core APU with RadeonR4,220
GeForce GT 330M,220
Mobility FireGL V5725,219
Quadro FX 2500M,218
GeForce 9500 GS,216
Radeon HD 6320 Graphic,216
Mobility Radeon. HD 5470,215
Mobility Radeon HD 5450,214
Intel HD 2000,213
Quadro FX 770M,213
GeForce GT 240M,212
Quadro FX 1700,212
Radeon HD 8250,212
Radeon HD 2600 PRO,211
Radeon R2E,211
GeForce Go 7600 GT,210
GeForce Go 7800 GTX,210
RDPDD Chained DD,209
Quadro NVS 320M,208
Radeon HD 4650 AGP,208
Barco MXRT 1450,206
Quadro FX 3450/4000 SDI,206
Quadro FX 380,206
Intel 2nd Generation SandyBridge HD 3000,205
Intel Q45/Q43 Express Chipset,202
Radeon HD 6380G,201
Mobility Radeon HD 545v,200
NVS 5100M,200
RADEON HD7450,199
Radeon HD 6320M,198
Radeon HD 6450,198
GeForce 315,196
GeForce 9400 GT,196
Intel G965 Express,196
Radeon HD 7340G,196
Quadro FX 1600M,195
Radeon HD 8210,195
Intel Infoshock HD,194
Radeon HD 8210E,194
Radeon HD 6430M,193
GeForce 6800 GS,192
Mobility Radeon HD 2600 XT,192
Mobility Radeon HD 4550,191
GeForce 320M,190
GeForce 9500 GT,190
Mobility Radeon HD 540v,188
Quadro FX 580,188
GeForce GT 120,187
GeForce 8600 GTS,185
Mobility Radeon HD 5430,181
Radeon HD 7310G,181
Barco MXRT 7100,180
FireGL V3600,180
FirePro 3D V3700,179
GeForce 8600 GS,179
Radeon HD 3450,179
Radeon HD 6230,179
GeForce Go 7900 GS,178
GeForce 7800 GS,177
GeForce G100,176
Mobility Radeon HD 530v,175
Radeon HD 7310 - Carte graphique,174
Quadro FX 1700M,173
GeForce 8500 GT,171
Quadro FX 1500M,171
FirePro 2460,170
GeForce GT 325M,170
Quadro FX 1500,170
Radeon HDG 4670,170
Intel 2nd Generation SandyBridge HD,169
Radeon HD 3670,169
GeForce 9200,168
GeForce G102M,168
Mobility Radeon HD 2600,168
GeForce 8400 GS,167
GeForce 7600 GS,166
Radeon HD 7310M,166
Intel HD manual-gen9_2015-133271,165
nForce 980a/780a SLI,165
Radeon HD 4350,165
Radeon HD 7350,165
GeForce 8200,164
GeForce 8600M GT,164
GeForce 9600M GT,163
Radeon HD 8350,163
GeForce GT 220M,161
Radeon HD 4300/4500 Serisi,156
Intel G41 Express Chipset,153
Radeon HD 7340,153
GeForce 305M,151
GeForce GT 120M,151
Radeon X1950 CrossFire Edition,151
Mobility Radeon HD 4570,150
Radeon HD 3650 AGP,150
Quadro FX 3450,149
GeForce 9400M G,148
GeForce Go 7700,148
Mobility Radeon HD 4350,148
Quadro 400,148
GeForce 9400,147
GeForce G210,147
Intel G45/G43 Express Chipset,147
Radeon HD 6320,147
Radeon R5 220,147
ZX Chrome 645/640 GPU,147
Quadro NVS 160M,146
Radeon X1900 GT,146
S3 5400EW,146
GeForce GT 130M,145
Quadro FX 380 LP,145
GeForce 310,144
GeForce 505,144
GeForce 9200M GE,144
Radeon HD 6300M,144
GeForce 6600 GT,143
FirePro 2270,142
GeForce 6800 GT,142
GeForce 8600 GT,142
Radeon HD 4290,141
RADEON HD 6350,141
Radeon X1800 GTO,141
Mobility Radeon HD 3650,140
nForce 760i SLI,140
Radeon HD 6290M,140
GeForce 210,139
GeForce 6800 Ultra,139
Intel Haswell HD - GT2,139
GeForce Go 6800 Ultra,138
Intel B43 Express Chipset,138
GeForce 9650M GT,137
NVS 2100M,137
Quadro NVS 420,137
Radeon X1900 CrossFire Edition,137
GeForce G200,136
Radeon HD 5450,136
Mobility Radeon HD 4330,135
Mobility Radeon X1900,135
Radeon HD 4330,135
Radeon HD 8180,135
EAH5450,134
GeForce 7650 GS,134
GeForce 9800 GT 1024MB,134
GeForce 9500M GS,133
GeForce G105M,133
VIA/S3G C-645/640 GPU,132
GeForce 9600M GS,131
MOBILITY RADEON X1800,130
RADEON X800 SE,130
GeForce 9200M GS,129
GeForce 9300 / nForce 730i,129
GeForce G210M,129
Qualcomm Adreno 618 GPU,129
FireGL V7300,128
GeForce 9300M GS,128
GeForce Go 7600,128
Radeon HD 7310,128
All-in-Wonder X1900,127
GeForce 310M,127
GeForce 9300,127
Radeon HD 3300,127
GeForce 205,126
Qualcomm Adreno 540 GPU,126
GeForce G205M,125
Seria Mobility Radeon HD 3400,125
GeForce 7300 GT,124
GeForce 8700M GT,124
NVS 3100M,124
Quadro FX 1400,124
Intel Haswell HD - GT1,123
Radeon HD 4250,123
Radeon HD 7290M,123
GeForce 9500M G,122
Radeon HD 6310,122
GeForce 6800 XT,121
NVS 300,121
Quadro FX 380M,121
Radeon HD 2400,121
Extreme AX850 PRO,120
Intel Q965/Q963 Express,119
Radeon HD 2400 XT,119
RV530 PRO,119
GeForce 405,118
FireMV 2260,117
Mobile Intel 45 Express-Chipsatzfamilie,117
PHDGD Quantic C3,117
Radeon HD 3470,117
Radeon X1700 Targa Edition,117
FireGL V7200,116
Radeon X1600 XT,116
FireGL V5200,115
GeForce 315M,115
GeForce 8300 GS,115
GeForce Go 7800,115
RADEON X800 GTO,115
GeForce GT 320M,114
Quadro FX 560,114
Quadro NVS 295,114
Radeon HD 2400 Pro,114
FirePro 2260,113
GeForce 6800,113
Radeon X1950 Pro,113
Sapphire RADEON X800 GT,113
Intel HD Modded,112
Radeon HD 4200,112
Radeon HD 7290,112
FireGL V7350,111
Mobility Radeon HD 3400 Serisi,111
GeForce 6800 LE,110
Radeon HD 2600 Pro AGP,110
Radeon HD 4270,110
VIA/S3G Chrome 645/640 GPU,110
GeForce 9300 GE,109
Intel Media Accelerator HD,109
Quadro FX 370 LP,108
Radeon Infoshock 3000,107
GeForce Go 6800,106
GeForce9400M,106
Radeon X1950 GT,106
GeForce 8400M G,105
GeForce 9450,105
Mobility Radeon X1700,105
Radeon HD 6290,105
GeForce 8400M GS,104
GeForce 9500M,104
M880G with Mobility Radeon HD 4250,104
Quadro FX 3400/4400,104
FireGL V3400,103
GeForce 6800 GS/XT,103
Quadro FX 370 Low Profile,103
GeForce 8300,102
GeForce 9300 GS,102
Mobility Radeon HD 2400 XT,102
Quadro FX Go1400,102
GeForce 9400M,101
Matrox G200e WDDM 2.0,101
Quadro FX 4000,101
Quadro FX 570M,99
Radeon X1600 Pro,99
GeForce 9300GE,98
ION LE,98
Mobility Radeon HD 3430,98
Mobility Radeon HD 4250,98
Radeon 3000,98
RADEON X800 XT,98
Intel G35 Express,97
Mobility Radeon HD serie 4200,97
Quadro NVS 130M,97
Radeon HD 3000,96
GeForce 6700 XL,95
MEDION RADEON X740XL,95
Mobility Radeon HD 3470 Hybrid X2,94
Radeon HD 6250,94
FireGL V5100,93
M880G with Mobility Radeon HD 4200,93
Mobility Radeon HD 3470,93
Mobility Radeon HD 4270,93
Quadro FX 370M,93
GeForce G 105M,92
Mobility Radeon X1600,92
nForce 780a SLI,92
RADEON X600XT,92
GeForce 7500 LE,91
Mobility Radeon HD 3450,91
Mobility Radeon HD 4200,91
Matrox G200eW3 WDDM 2.0,90
Mobility Radeon HD 2400,90
GeForce 6610 XL,89
GeForce 8600M GS,89
Quadro FX 360M,87
GeForce 6600,86
Quadro FX 350,86
FireGL V3200,85
GeForce 9300M G,85
Radeon X1650 Pro,85
ALL-IN-WONDER X800 GT,84
GeForce 999 GTX,84
Quadro FX 370,84
Radeon X1300 PRO,84
RADEON X800 GT,84
GeForce 9100M G,83
nForce 750a SLI,83
GeForce 7300 LE,82
GeForce 9100,82
GeForce 9300 SE,82
MOBILITY FireGL V5000,82
Mobility Radeon X2500,82
Radeon HD 3200,82
RADEON X850 XT Platinum Edition,82
GeForce 8400,81
Mobility Radeon 4100,81
Quadro FX 540,81
RADEON X800 XT Platinum Edition,81
RADEON X850 XT,81
GeForce 7300 GS,80
RADEON X800GT,80
GeForce 8100 / nForce 720a,79
Quadro NVS 140M,79
Radeon HD 2350,77
M860G with Mobility Radeon 4100,76
RADEON X700 PRO,76
ZX C-960,76
Radeon X1650 GTO,75
FireMV 2450,74
GeForce 7350 LE,74
Radeon 3100,74
Mobility Radeon HD 4300 Serisi,73
RADEON X700,73
RADEON X800 PRO/GTO,73
RADEON X850 PRO,73
FireGL V7100,72
M880G with Mobility Radeon HD 4225,72
MEDION RADEON 9800 XXL,72
FireGL V3300,71
Radeon X1650 SE,71
Radeon X550XTX,71
RADEON X700 SE,71
BASICDISPLAY,70
Diamond X1300-PCIE 256MB,70
Quadro NVS 150M,70
FireGL V3350,69
GeForce Go 6600,69
Quadro FX 3000,69
Radeon X1600 Pro / X1300XT,69
RADEON X800 XL,69
GeForce 8400 SE,68
Intel G45/G43/G41 Express Chipset,68
Matrox G200eR WDDM 2.0,68
GeForce 8400M GT,67
MOBILITY RADEON X700,67
Quadro NVS 450,67
Radeon X1550,67
RADEON X600 PRO,67
GeForce Go 7400,66
Mobility Radeon HD 4225,66
GeForce 8200M G,65
RADEON X800 PRO,65
Quadro FX 550,64
GeForce G 103M,63
Intel HD manual-15.28-1861,63
Mobility Radeon HD 3410,63
MOBILITY FireGL V3200,62
SAPPHIRE Radeon X1550,61
MOBILITY RADEON X700 XL,60
Radeon 2100,60
FireGL X1,59
GeForce 6800 XE,59
GeForce FX 5950 Ultra,59
Intel Q35 Express,59
Matrox G200e WDDM 1.2,59
RADEON 9800 PRO,59
Intel - Express Chipset Q45/Q43,58
RADEON 9800,58
Radeon X1300,58
Intel - Express Chipset G41,57
Intel G41 Express-Chipsatz,57
Intel Q45/Q43 Express-Chipsatz,57
RADEON 9800 XT,57
RADEON X600 256MB HyperMemory,57
RADEON X550XT,56
Matrox G200eh WDDM 2.0,55
RADEON 9700 PRO,54
FireGL V3100,53
GeForce 6200 TurboCache,52
GeForce Go 7300,52
Matrox G200eh WDDM 1.2,52
RADEON E2400,52
Radeon Xpress 1300,52
Red Hat QXL controller,52
FirePro 2450,51
GeForce 6600 LE,51
GeForce 7100 GS,51
GeForce FX Go5700,51
Mobility Radeon HD 2300,51
RADEON X550,51
Matrox G200eW WDDM 1.2,50
MOBILITY RADEON X600,50
Quadro NVS 135M,50
Mobility Radeon X2300 HD,49
MOBILITY RADEON X600 SE,49
Radeon X1050,49
Radeon X1600,49
RADEON X600 SE,49
GeForce 7300 SE/7200 GS,48
Mobility Radeon X2300,48
Quadro NVS 110M,48
Radeon X1550 64-bit,48
Quadro NVS 120M,47
SAPPHIRE RADEON 9600 ATLANTIS,47
FireMV 2250,46
Matrox M9188 ATX PCIe x16,46
Mobile Intel 965 Express,46
MOBILITY RADEON 9800,46
GeForce Go 6600 TE/6200 TE,45
GeForce Go 7200,45
Matrox G200eR WDDM 1.2,45
Mobile Intel 4 Express-Chipsatzfamilie,45
Mobile Intel serie 4 Express,45
MOBILITY FireGL V5200,45
Quadro FX 350M,45
Quadro NVS 285,44
Radeon 9700 TX w/TV-Out,44
Mobility Radeon X1400,43
RADEON 9600 PRO,43
Radeon Xpress 1250,43
GeForce 7050 / nForce 620i,42
GeForce 7100 / nForce 630i,42
RADEON 9500 PRO / 9700,42
GeForce FX 5700,41
GeForce FX 5900 Ultra,41
Matrox G200eh,41
MOBILITY FIREGL T2,41
GeForce FX 5900XT,40
Matrox G200eW,40
Matrox M9148 LP PCIe x16,40
Mobility Radeon X1300,40
Mobility Radeon X1350,40
Radeon Xpress 1300M,40
S3 Chrome 430 ULP,40
GeForce 7300 SE,39
Mobile Intel - famiglia Express Chipset 45,39
MOBILITY RADEON 9600/9700,39
256MB DDR Radeon 9800 XT,38
GeForce 6500,38
GeForce 7050 / nForce 630i,38
Mobile Intel 45 Express,38
Quadro NVS 285 128MB,38
Quadro NVS 440,38
RADEON X300SE,38
GeForce 6200,37
GeForce 6200SE TurboCache,37
Matrox G200eR,37
Radeon X1250,37
CONNECT 3D RADEON X300,36
FireMV 2200 PCIe,36
MOBILITY RADEON 9600,36
Quadro FX 1100,36
RADEON 9500,36
Radeon Xpress 1200,36
GeForce FX 5900,35
GeForce PCX 5750,35
Intel G33/G31 Express,35
RADEON 9550,35
RADEON 9600 XT,35
GeForce FX 5700 Ultra,34
GeForce PCX 5900,34
MOBILITY FIREGL T2/T2e,34
MOBILITY RADEON X300,34
Quadro FX 1000,34
Quadro FX 1300,34
Radeon Xpress 1100,34
GeForce 6150 LE,33
GeForce 6200 LE,33
GeForce 7025 / nForce 630a,33
GeForce 7150 / nForce 630i,33
GeForce FX 5700VE,33
GeForce FX 5900ZT,33
Intel Media Accelerator,33
Mobility Radeon X1450,33
Radeon X1200,33
S3 Chrome S27 DDR3,33
GeForce 6200 A-LE,32
Matrox M9128 LP PCIe x16,32
FireGL T2-128,31
GeForce 6150SE nForce 430,31
GeForce 7050 PV / nForce 630a,31
Radeon X1270,31
All-in-Wonder X1800XL,30
MOBILITY RADEON 9550,30
Radeon Xpress 1150,30
RADEON XPRESS 200,30
Radeon 9550 / X1050,29
GeForce 6100,27
GeForce 6100 nForce 405,27
MOBILITY FireGL V5250,27
MOBILITY RADEON 9700,27
MOBILITY RADEON XPRESS 200,27
RADEON 9600 PRO Family,27
RADEON 9600SE,27
Radeon Xpress 1270,27
GeForce 7050 / nForce 610i,26
GeForce 7100 / nForce 620i,26
Matrox M9120 Plus LP PCIe x16,26
Matrox M9125 PCIe x16,26
PHDGD Sapphire GR for Mobile Intel 965,26
GeForce 6100 nForce 400,25
GeForce 6100 nForce 420,25
GeForce 6150SE,25
GeForce FX 5700LE,25
MOBILITY RADEON 9600 PRO TURBO,25
RADEON 9600 Family,25
GeForce Go 6400,24
Mobile Intel 965 Express-Chipsatzfamilie,24
Quadro NVS 210S,24
RADEON 9800 SE,24
ALL-IN-WONDER 9800,23
GeForce 6100 nForce 430,23
GeForce 7200 GS,23
Matrox M9140 LP PCIe x16,23
RADEON A9800XT,23
RADEON XPRESS 200M,23
GeForce 6150,22
Quadro NVS 210S / GeForce 6150LE,21
Matrox M9120 PCIe x16,20
PHDGD Solo 2 x64,20
GeForce Go 6150,19
QXL KMDOD,19
GeForce 7150M / nForce 630M,18
GeForce FX Go 5600,18
GeForce Go 6100,18
Mobile Intel965 Express,18
Quadro FX 2000,18
RADEON 9600 TX Family,18
RADEON XPRESS 200 CROSSFIRE,18
S3 Chrome S25 DDR2,18
GeForce FX 5600 Ultra,17
GeForce FX Go5650,17
GRID V100-8Q,16
GeForce Go 6200,15
NV44,15
Quadro FX 500/600 PCI,14
Radeon HD 2400 PCI,14
GeForce 7000M,13
GeForce 7000M / nForce 610M,13
GeForce FX 5600,13
GeForce FX Go5300,13
GeForce FX 5200 Ultra,12
GeForce FX 5200SE,12
VIA C9-HD IGP,12
FireMV 2400 PCIe,11
PHDGD Solo 1.2.0 x86,11
RGH Drivers v3,11
Master X3100 Driver,10
MOBILITY IGP 9000/9100,10
VIA Chrome9 HD IGP,10
ASUS A7000,9
GeCube RADEON 7000,9
GeForce FX 5600XT,9
Intel 82945G Express,9
Matrox Parhelia 256MB,9
ASUS V9520-X V62.11,8
GeForce FX 5100,8
GeForce FX 5200,8
GeForce FX 5500,8
GeForce FX Go 5200,8
Intel 82945G Express-Chipsatzfamilie,8
Intel Q35 Embedded,8
Mobile Intel 965 Express - BR-0907-0461 v1839,8
MOBILITY RADEON 9000 IGP,8
Quadro FX 500/FX 600,8
Quadro NVS 280 PCI,8
GeForce FX 5200LE,7
GeForce4 MX Integrated GPU,7
GeForce4 Ti 4400,7
GeForce4 Ti 4800 SE,7
Intel Media Accelerator 600,7
Intel Q33 Express,7
Intel US15 Embedded Media and Controller,7
Matrox Millennium P690 Plus LP PCIe x16,7
Quadro4 380 XGL,7
RADEON 8500 Family,7
ALL-IN-WONDER RADEON 8500DV,6
GeForce PCX 5300,6
GeForce2 Ultra,6
GeForce4 440 Go 64M,6
GeForce4 448 Go,6
GeForce4 Ti 4200,6
GeForce4 Ti 4600,6
GeForce4 Ti 4800,6
Intel 82915G Express,6
Matrox Parhelia APVe,6
Mobile Intel 945GM Express,6
MOBILITY RADEON 7000 IGP,6
MOBILITY RADEON 9000/9100 IGP,6
NVIDIA GeForce3 Ti200,6
Quadro 280 NVS PCIe,6
Quadro NVS 55/280 PCI,6
RADEON 9100 Family,6
RADEON IGP 350M,6
V9560XT,6
VIA/S3G UniChromeII,6
ALL-IN-WONDER 9000,5
ASUS AGP-V3800PRO v31.40H,5
GeForce 256,5
GeForce2 MX with DVI-D and TV-out,5
GeForce2 Ti,5
GeForce3,5
GeForce4 420 Go 32M,5
GeForce4 440,5
GeForce4 MX 4000,5
GeForce4 MX 420,5
GeForce4 MX 440,5
GeForce4 MX 440 with AGP8X,5
GeForce4 MX 440SE,5
Intel 82865G Controller,5
Intel 915G/915GV/910GL Embedded Controller Functio,5
Intel 945G Embedded Chipset Function 0,5
Matrox Millennium P650 PCIe 128,5
Mobile Intel 945GM/GU Express,5
MOBILITY FIREGL 7800,5
Quadro2 MXR/EX,5
Quadro4 900 XGL,5
Quadro4 980 XGL,5
RADEON 7500 Family,5
RADEON 9000,5
RADEON 9100 IGP,5
SAPPHIRE RADEON 9000 ATLANTIS PRO,5
VIA/S3G UniChrome Pro IGP,5
WinFast A250 LE,5
Xabre,5
XGI Volari Family v1.13.23.D_V,5
ABIT Siluro T400,4
Dell 8200,4
GeForce 6200A,4
GeForce2 Go,4
GeForce2 GTS/GeForce2 Pro,4
GeForce2 Integrated GPU,4
GeForce2 MX/MX 400,4
GeForce3 Ti 200,4
GeForce4 4200 Go,4
GeForce4 440 Go,4
GeForce4 MX 460,4
Intel 82915G/915GV/910GL,4
Intel 865 Embedded Controller,4
"Intel 915G,910G Express",4
MOBILITY RADEON 7500,4
MOBILITY/RADEON 9000,4
RADEON 7000 / RADEON VE Family,4
RADEON 9000 Family,4
RADEON 9200,4
RADEON IGP 320,4
Radeon IGP 320M,4
RIVA TNT2 Model 64/Model 64 Pro,4
VIA Chrome9 HC IGP,4
VIA Chrome9 HC IGP Family,4
VIA Chrome9 HC IGP Family WDDM,4
VIA/S3G KM400/KN400,4
VIA/S3G UniChrome IGP,4
AMIGAMERLIN 3.1-R1 For Voodoo 4 4500 PCI,3
GeForce2 MX,3
GeForce2 MX 100/200,3
GeForce2 MX with TV Out,3
GeForce3 Ti 500,3
GeForce4 420 Go,3
Intel 82845G/GL Controller,3
Intel 82845G/GL/GE/PE/GV Controller,3
Intel 82915G/GV/910GL Advanced v3.5,3
Intel 82915G/GV/910GL Express,3
Intel 946GZ Embedded Chipset,3
Intel GMA 3150 Express,3
Intel Media Accelerator 3150,3
Intel Media Accelerator 500,3
Matrox Parhelia 128MB,3
MOBILITY RADEON 9000,3
MOBILITY RADEON 9100 IGP,3
MOBILITY RADEON 9200,3
Radeon 7000 / Radeon VE,3
RADEON 7200,3
RADEON 7500,3
RADEON 9200 LE Family,3
RADEON 9200 PRO Family,3
RADEON 9200 SE,3
RADEON 9250,3
Radeon IGP 340M,3
RADEON IGP 345M,3
Rage Fury Pro/Xpert 2000 Pro,3
RIVA TNT2/TNT2 Pro,3
S3 Inc. Savage4,3
Vanta/Vanta LT,3
VIA Chrome9 HC IGP WDDM 1.1,3
VIA Chrome9 HC3 IGP,3
VIA/S3G DeltaChrome IGP,3
Dell 8100,2
Intel 82845G Controller,2
Intel 946GZ Express,2
Intel Extreme Controller,2
Mobile Intel 915GM/GMS/910GML Express,2
Mobile Intel 945 Express,2
Quadro NVS 280 SD,2
RADEON IGP 34xM,2
Radeon VE,2
S3 SuperSavage/IXC 1014,2
VIA Chrome9 HC IGP Prerelease WDDM 1.1,2
VIA Chrome9 HC IGP WDDM,2
VIA Chrome9 HCM IGP,2
VisionTek Radeon 7000,2
FireMV 2200 PCI,1
Intel 82852/82855 GM/GME Controller,1
Quadro2 Pro,1
Rage 128 Pro,1
RAGE 128 PRO AGP 4X TMDS,1
S3 ProSavageDDR,1
